link_producto,producto,asin,precio,precio_original,vendidos_mes_pasado,calificación,num_de_calificaciones,imagen,vendidos_numerico
https://www.amazon.com/-/es/Dr-Isaiah-Hankel/dp/1631958461/ref=sr_1_1?dib=eyJ2IjoiMSJ9.xj5pqqOfL7bi2QHbz-CbuLXJjbyJxL5SVSlnO1fe0CMU0hffiSvZGGK3WOFVNTgsWfyvCRQJdJtDGk07Sby-_mLbncI__HiFwregTF3LmVnObxwkHReCWREiCW3RAEABo06AlManHgMgaxxT82myOuRIh57K7dQH-YZoB3IBk9hFQQkR_ikOdKs2nn2YjakPbeMEFOy7MMFag5HoeH75N90TcdjFnCHy58jl2lZEHNQ.QvLoGwPm5c97RKNTA8JCUpcbQy3f30DdLAbOg-UxaUo&dib_tag=se&keywords=Industrial+y+cient%C3%ADfico&qid=1725878033&sr=8-1,The Power of a PhD: How Anyone Can Use Their PhD to Get Hired in Industry,1631958461,12.75,Sin información,|,4.4,109,https://m.media-amazon.com/images/I/71kq9V6OKWL._AC_UY218_.jpg,
https://www.amazon.com/-/es/William-Navidi-Prof/dp/1260547884/ref=sr_1_2?dib=eyJ2IjoiMSJ9.xj5pqqOfL7bi2QHbz-CbuLXJjbyJxL5SVSlnO1fe0CMU0hffiSvZGGK3WOFVNTgsWfyvCRQJdJtDGk07Sby-_mLbncI__HiFwregTF3LmVnObxwkHReCWREiCW3RAEABo06AlManHgMgaxxT82myOuRIh57K7dQH-YZoB3IBk9hFQQkR_ikOdKs2nn2YjakPbeMEFOy7MMFag5HoeH75N90TcdjFnCHy58jl2lZEHNQ.QvLoGwPm5c97RKNTA8JCUpcbQy3f30DdLAbOg-UxaUo&dib_tag=se&keywords=Industrial+y+cient%C3%ADfico&qid=1725878033&sr=8-2,ISE STATISTICS FOR ENGINEERS AND SCIENTISTS (ISE HED IRWIN INDUSTRIAL ENGINEERING),1260547884,,Sin información,|,4.3,46,https://m.media-amazon.com/images/I/61gPLmK6tvL._AC_UY218_.jpg,
https://www.amazon.com/-/es/Younggil-Kwon/dp/147578693X/ref=sr_1_3?dib=eyJ2IjoiMSJ9.xj5pqqOfL7bi2QHbz-CbuLXJjbyJxL5SVSlnO1fe0CMU0hffiSvZGGK3WOFVNTgsWfyvCRQJdJtDGk07Sby-_mLbncI__HiFwregTF3LmVnObxwkHReCWREiCW3RAEABo06AlManHgMgaxxT82myOuRIh57K7dQH-YZoB3IBk9hFQQkR_ikOdKs2nn2YjakPbeMEFOy7MMFag5HoeH75N90TcdjFnCHy58jl2lZEHNQ.QvLoGwPm5c97RKNTA8JCUpcbQy3f30DdLAbOg-UxaUo&dib_tag=se&keywords=Industrial+y+cient%C3%ADfico&qid=1725878033&sr=8-3,"Handbook of Essential Pharmacokinetics, Pharmacodynamics and Drug Metabolism for Industrial Scientists",147578693X,118.08,Sin información,|,5.0,3,https://m.media-amazon.com/images/I/51dBqYFVnFL._AC_UY218_.jpg,
https://www.amazon.com/-/es/William-Navidi/dp/0073401331/ref=sr_1_4?dib=eyJ2IjoiMSJ9.xj5pqqOfL7bi2QHbz-CbuLXJjbyJxL5SVSlnO1fe0CMU0hffiSvZGGK3WOFVNTgsWfyvCRQJdJtDGk07Sby-_mLbncI__HiFwregTF3LmVnObxwkHReCWREiCW3RAEABo06AlManHgMgaxxT82myOuRIh57K7dQH-YZoB3IBk9hFQQkR_ikOdKs2nn2YjakPbeMEFOy7MMFag5HoeH75N90TcdjFnCHy58jl2lZEHNQ.QvLoGwPm5c97RKNTA8JCUpcbQy3f30DdLAbOg-UxaUo&dib_tag=se&keywords=Industrial+y+cient%C3%ADfico&qid=1725878033&sr=8-4,Statistics for Engineers and Scientists,0073401331,168.16,Sin información,|,4.3,111,https://m.media-amazon.com/images/I/513nbRlZ9xL._AC_UY218_.jpg,
https://www.amazon.com/-/es/Steve-M-Jex/dp/1118724070/ref=sr_1_5?dib=eyJ2IjoiMSJ9.xj5pqqOfL7bi2QHbz-CbuLXJjbyJxL5SVSlnO1fe0CMU0hffiSvZGGK3WOFVNTgsWfyvCRQJdJtDGk07Sby-_mLbncI__HiFwregTF3LmVnObxwkHReCWREiCW3RAEABo06AlManHgMgaxxT82myOuRIh57K7dQH-YZoB3IBk9hFQQkR_ikOdKs2nn2YjakPbeMEFOy7MMFag5HoeH75N90TcdjFnCHy58jl2lZEHNQ.QvLoGwPm5c97RKNTA8JCUpcbQy3f30DdLAbOg-UxaUo&dib_tag=se&keywords=Industrial+y+cient%C3%ADfico&qid=1725878033&sr=8-5,Organizational Psychology: A Scientist-Practitioner Approach,1118724070,83.64,Sin información,|,4.7,84,https://m.media-amazon.com/images/I/61evROn7AOL._AC_UY218_.jpg,
https://www.amazon.com/-/es/Makhdum-Ahmed-M-D/dp/1633889521/ref=sr_1_6?dib=eyJ2IjoiMSJ9.xj5pqqOfL7bi2QHbz-CbuLXJjbyJxL5SVSlnO1fe0CMU0hffiSvZGGK3WOFVNTgsWfyvCRQJdJtDGk07Sby-_mLbncI__HiFwregTF3LmVnObxwkHReCWREiCW3RAEABo06AlManHgMgaxxT82myOuRIh57K7dQH-YZoB3IBk9hFQQkR_ikOdKs2nn2YjakPbeMEFOy7MMFag5HoeH75N90TcdjFnCHy58jl2lZEHNQ.QvLoGwPm5c97RKNTA8JCUpcbQy3f30DdLAbOg-UxaUo&dib_tag=se&keywords=Industrial+y+cient%C3%ADfico&qid=1725878033&sr=8-6,Race for a Remedy: The Science and Scientists behind the Next Life-Saving Cancer Medicine,1633889521,27.14,Sin información,|,4.6,7,https://m.media-amazon.com/images/I/81YRzEKj+2L._AC_UY218_.jpg,
https://www.amazon.com/-/es/dp/B0815B2X1V/ref=sr_1_7?dib=eyJ2IjoiMSJ9.xj5pqqOfL7bi2QHbz-CbuLXJjbyJxL5SVSlnO1fe0CMU0hffiSvZGGK3WOFVNTgsWfyvCRQJdJtDGk07Sby-_mLbncI__HiFwregTF3LmVnObxwkHReCWREiCW3RAEABo06AlManHgMgaxxT82myOuRIh57K7dQH-YZoB3IBk9hFQQkR_ikOdKs2nn2YjakPbeMEFOy7MMFag5HoeH75N90TcdjFnCHy58jl2lZEHNQ.QvLoGwPm5c97RKNTA8JCUpcbQy3f30DdLAbOg-UxaUo&dib_tag=se&keywords=Industrial+y+cient%C3%ADfico&qid=1725878033&sr=8-7,"The Scientist and the Spy: A True Story of China, the FBI, and Industrial Espionage",B0815B2X1V,0.0,Sin información,PVPR:,4.1,280,https://m.media-amazon.com/images/I/81MOF+sOogL._AC_UY218_.jpg,
https://www.amazon.com/-/es/Biotech-Primer/dp/B08W7JTW8M/ref=sr_1_8?dib=eyJ2IjoiMSJ9.xj5pqqOfL7bi2QHbz-CbuLXJjbyJxL5SVSlnO1fe0CMU0hffiSvZGGK3WOFVNTgsWfyvCRQJdJtDGk07Sby-_mLbncI__HiFwregTF3LmVnObxwkHReCWREiCW3RAEABo06AlManHgMgaxxT82myOuRIh57K7dQH-YZoB3IBk9hFQQkR_ikOdKs2nn2YjakPbeMEFOy7MMFag5HoeH75N90TcdjFnCHy58jl2lZEHNQ.QvLoGwPm5c97RKNTA8JCUpcbQy3f30DdLAbOg-UxaUo&dib_tag=se&keywords=Industrial+y+cient%C3%ADfico&qid=1725878033&sr=8-8,The Biotech Primer One: The Science Driving Biopharma Explained: An Insider's Guide to the Science Driving the Biopharma Industry for the Non-Scientist,B08W7JTW8M,29.95,Sin información,|,4.3,56,https://m.media-amazon.com/images/I/61oA9fcgujL._AC_UY218_.jpg,
https://www.amazon.com/-/es/Christine-L-Williams/dp/0520385284/ref=sr_1_9?dib=eyJ2IjoiMSJ9.xj5pqqOfL7bi2QHbz-CbuLXJjbyJxL5SVSlnO1fe0CMU0hffiSvZGGK3WOFVNTgsWfyvCRQJdJtDGk07Sby-_mLbncI__HiFwregTF3LmVnObxwkHReCWREiCW3RAEABo06AlManHgMgaxxT82myOuRIh57K7dQH-YZoB3IBk9hFQQkR_ikOdKs2nn2YjakPbeMEFOy7MMFag5HoeH75N90TcdjFnCHy58jl2lZEHNQ.QvLoGwPm5c97RKNTA8JCUpcbQy3f30DdLAbOg-UxaUo&dib_tag=se&keywords=Industrial+y+cient%C3%ADfico&qid=1725878033&sr=8-9,Gas-Lighted: How the Oil and Gas Industry Shortchanges Women Scientists,0520385284,27.95,Sin información,|,4.2,9,https://m.media-amazon.com/images/I/81XdZFBOYBL._AC_UY218_.jpg,
https://www.amazon.com/-/es/Steven-Smith/dp/075067444X/ref=sr_1_10?dib=eyJ2IjoiMSJ9.xj5pqqOfL7bi2QHbz-CbuLXJjbyJxL5SVSlnO1fe0CMU0hffiSvZGGK3WOFVNTgsWfyvCRQJdJtDGk07Sby-_mLbncI__HiFwregTF3LmVnObxwkHReCWREiCW3RAEABo06AlManHgMgaxxT82myOuRIh57K7dQH-YZoB3IBk9hFQQkR_ikOdKs2nn2YjakPbeMEFOy7MMFag5HoeH75N90TcdjFnCHy58jl2lZEHNQ.QvLoGwPm5c97RKNTA8JCUpcbQy3f30DdLAbOg-UxaUo&dib_tag=se&keywords=Industrial+y+cient%C3%ADfico&qid=1725878033&sr=8-10,Digital Signal Processing: A Practical Guide for Engineers and Scientists,075067444X,74.98,Sin información,|,4.5,119,https://m.media-amazon.com/images/I/51IiZ1C7vAL._AC_UY218_.jpg,
https://www.amazon.com/-/es/William-Navidi/dp/0073376337/ref=sr_1_11?dib=eyJ2IjoiMSJ9.xj5pqqOfL7bi2QHbz-CbuLXJjbyJxL5SVSlnO1fe0CMU0hffiSvZGGK3WOFVNTgsWfyvCRQJdJtDGk07Sby-_mLbncI__HiFwregTF3LmVnObxwkHReCWREiCW3RAEABo06AlManHgMgaxxT82myOuRIh57K7dQH-YZoB3IBk9hFQQkR_ikOdKs2nn2YjakPbeMEFOy7MMFag5HoeH75N90TcdjFnCHy58jl2lZEHNQ.QvLoGwPm5c97RKNTA8JCUpcbQy3f30DdLAbOg-UxaUo&dib_tag=se&keywords=Industrial+y+cient%C3%ADfico&qid=1725878033&sr=8-11,Statistics for Engineers and Scientists,0073376337,67.08,Sin información,|,4.3,42,https://m.media-amazon.com/images/I/41dLnf7L7aL._AC_UY218_.jpg,
https://www.amazon.com/-/es/Bhisham-C-Gupta/dp/1118464044/ref=sr_1_12?dib=eyJ2IjoiMSJ9.xj5pqqOfL7bi2QHbz-CbuLXJjbyJxL5SVSlnO1fe0CMU0hffiSvZGGK3WOFVNTgsWfyvCRQJdJtDGk07Sby-_mLbncI__HiFwregTF3LmVnObxwkHReCWREiCW3RAEABo06AlManHgMgaxxT82myOuRIh57K7dQH-YZoB3IBk9hFQQkR_ikOdKs2nn2YjakPbeMEFOy7MMFag5HoeH75N90TcdjFnCHy58jl2lZEHNQ.QvLoGwPm5c97RKNTA8JCUpcbQy3f30DdLAbOg-UxaUo&dib_tag=se&keywords=Industrial+y+cient%C3%ADfico&qid=1725878033&sr=8-12,Statistics and Probability with Applications for Engineers and Scientists,1118464044,117.78,Sin información,|,4.0,4,https://m.media-amazon.com/images/I/61JolF7H1eL._AC_UY218_.jpg,
https://www.amazon.com/-/es/John-Rezaiyan/dp/0824722477/ref=sr_1_13?dib=eyJ2IjoiMSJ9.xj5pqqOfL7bi2QHbz-CbuLXJjbyJxL5SVSlnO1fe0CMU0hffiSvZGGK3WOFVNTgsWfyvCRQJdJtDGk07Sby-_mLbncI__HiFwregTF3LmVnObxwkHReCWREiCW3RAEABo06AlManHgMgaxxT82myOuRIh57K7dQH-YZoB3IBk9hFQQkR_ikOdKs2nn2YjakPbeMEFOy7MMFag5HoeH75N90TcdjFnCHy58jl2lZEHNQ.QvLoGwPm5c97RKNTA8JCUpcbQy3f30DdLAbOg-UxaUo&dib_tag=se&keywords=Industrial+y+cient%C3%ADfico&qid=1725878033&sr=8-13,Gasification Technologies: A Primer for Engineers and Scientists (Chemical Industries),0824722477,31.26,Sin información,|,5.0,1,https://m.media-amazon.com/images/I/61fKVZrbfyL._AC_UY218_.jpg,
https://www.amazon.com/-/es/William-Navidi/dp/0077289315/ref=sr_1_14?dib=eyJ2IjoiMSJ9.xj5pqqOfL7bi2QHbz-CbuLXJjbyJxL5SVSlnO1fe0CMU0hffiSvZGGK3WOFVNTgsWfyvCRQJdJtDGk07Sby-_mLbncI__HiFwregTF3LmVnObxwkHReCWREiCW3RAEABo06AlManHgMgaxxT82myOuRIh57K7dQH-YZoB3IBk9hFQQkR_ikOdKs2nn2YjakPbeMEFOy7MMFag5HoeH75N90TcdjFnCHy58jl2lZEHNQ.QvLoGwPm5c97RKNTA8JCUpcbQy3f30DdLAbOg-UxaUo&dib_tag=se&keywords=Industrial+y+cient%C3%ADfico&qid=1725878033&sr=8-14,Principles of Statistics for Engineers and Scientists,0077289315,138.48,Sin información,|,4.2,31,https://m.media-amazon.com/images/I/61QBJn1DanL._AC_UY218_.jpg,
https://www.amazon.com/-/es/Matrix-Analysis-Scientists-Engineers-Alan/dp/0898715768/ref=sr_1_15?dib=eyJ2IjoiMSJ9.xj5pqqOfL7bi2QHbz-CbuLXJjbyJxL5SVSlnO1fe0CMU0hffiSvZGGK3WOFVNTgsWfyvCRQJdJtDGk07Sby-_mLbncI__HiFwregTF3LmVnObxwkHReCWREiCW3RAEABo06AlManHgMgaxxT82myOuRIh57K7dQH-YZoB3IBk9hFQQkR_ikOdKs2nn2YjakPbeMEFOy7MMFag5HoeH75N90TcdjFnCHy58jl2lZEHNQ.QvLoGwPm5c97RKNTA8JCUpcbQy3f30DdLAbOg-UxaUo&dib_tag=se&keywords=Industrial+y+cient%C3%ADfico&qid=1725878033&sr=8-15,Matrix Analysis for Scientists and Engineers,0898715768,,Sin información,|,4.0,16,https://m.media-amazon.com/images/I/515WHOomQPL._AC_UY218_.jpg,
https://www.amazon.com/-/es/C-F-Harrison/dp/1542559685/ref=sr_1_16?dib=eyJ2IjoiMSJ9.xj5pqqOfL7bi2QHbz-CbuLXJjbyJxL5SVSlnO1fe0CMU0hffiSvZGGK3WOFVNTgsWfyvCRQJdJtDGk07Sby-_mLbncI__HiFwregTF3LmVnObxwkHReCWREiCW3RAEABo06AlManHgMgaxxT82myOuRIh57K7dQH-YZoB3IBk9hFQQkR_ikOdKs2nn2YjakPbeMEFOy7MMFag5HoeH75N90TcdjFnCHy58jl2lZEHNQ.QvLoGwPm5c97RKNTA8JCUpcbQy3f30DdLAbOg-UxaUo&dib_tag=se&keywords=Industrial+y+cient%C3%ADfico&qid=1725878033&sr=8-16,Starting out in the pharma industry: Essential knowledge for life scientists (Life After Life Science),1542559685,12.99,Sin información,|,4.0,35,https://m.media-amazon.com/images/I/51V1D8XSbQL._AC_UY218_.jpg,
https://www.amazon.com/-/es/sspa/click?ie=UTF8&spc=MTo1NTMyMDgxODMxNzE4Mjk5OjE3MjU4NzgwMzM6c3BfYnRmOjMwMDM1NDUwMjY3MjMwMjo6MDo6&url=%2FCekegon-Mezclador-1300-2800-laboratorio-centr%25C3%25ADfuga%2Fdp%2FB0D178VF5F%2Fref%3Dsr_1_18_sspa%3Fdib%3DeyJ2IjoiMSJ9.xj5pqqOfL7bi2QHbz-CbuLXJjbyJxL5SVSlnO1fe0CMU0hffiSvZGGK3WOFVNTgsWfyvCRQJdJtDGk07Sby-_mLbncI__HiFwregTF3LmVnObxwkHReCWREiCW3RAEABo06AlManHgMgaxxT82myOuRIh57K7dQH-YZoB3IBk9hFQQkR_ikOdKs2nn2YjakPbeMEFOy7MMFag5HoeH75N90TcdjFnCHy58jl2lZEHNQ.QvLoGwPm5c97RKNTA8JCUpcbQy3f30DdLAbOg-UxaUo%26dib_tag%3Dse%26keywords%3DIndustrial%2By%2Bcient%25C3%25ADfico%26qid%3D1725878033%26sr%3D8-18-spons%26sp_csd%3Dd2lkZ2V0TmFtZT1zcF9idGY%26psc%3D1,"Mezclador de vórtice de 1300-2800 RPM, mezcla de laboratorio, vórtice de laboratorio para tubos de centrífuga y tubos de ensayo",B0D178VF5F,129.0,Sin información,Sin información,5.0,1,https://m.media-amazon.com/images/I/71xs4RF2smL._AC_UY218_.jpg,
https://www.amazon.com/-/es/sspa/click?ie=UTF8&spc=MTo1NTMyMDgxODMxNzE4Mjk5OjE3MjU4NzgwMzM6c3BfYnRmOjMwMDM5OTExMTM3NzgwMjo6MDo6&url=%2Fmezclador-recargable-laboratorio-cient%25C3%25ADfico-pegamento%2Fdp%2FB0D6YP3FZT%2Fref%3Dsr_1_19_sspa%3Fdib%3DeyJ2IjoiMSJ9.xj5pqqOfL7bi2QHbz-CbuLXJjbyJxL5SVSlnO1fe0CMU0hffiSvZGGK3WOFVNTgsWfyvCRQJdJtDGk07Sby-_mLbncI__HiFwregTF3LmVnObxwkHReCWREiCW3RAEABo06AlManHgMgaxxT82myOuRIh57K7dQH-YZoB3IBk9hFQQkR_ikOdKs2nn2YjakPbeMEFOy7MMFag5HoeH75N90TcdjFnCHy58jl2lZEHNQ.QvLoGwPm5c97RKNTA8JCUpcbQy3f30DdLAbOg-UxaUo%26dib_tag%3Dse%26keywords%3DIndustrial%2By%2Bcient%25C3%25ADfico%26qid%3D1725878033%26sr%3D8-19-spons%26sp_csd%3Dd2lkZ2V0TmFtZT1zcF9idGY%26psc%3D1,"Mini mezclador de vórtice recargable de 4000 rpm, mezclador de pintura de laboratorio, agitador de vórtice científico con función táctil para afilador de pestañas, pegamento adhesivos, esmalte de gel",B0D6YP3FZT,49.99,Sin información,Sin información,4.5,9,https://m.media-amazon.com/images/I/61yVNC8dUPL._AC_UY218_.jpg,
https://www.amazon.com/-/es/resistentes-qu%C3%ADmicos-seguridad-industrial-protecci%C3%B3n/dp/B01MD0ZFQD/ref=sr_1_17?dib=eyJ2IjoiMSJ9.6WGdAkU9i3gJQv17AFkS54fTUYvcGjkjGtSRXEasrFmnKhzwTWnHF4A6IvzpfkRYGM_QY8DhfQRazBt6skpIXRsQYnyKOKKq5JIuTWbfzCZG5eRVFN1VViv_4dLiwIjloNJnZU_BmDx-O6uFGaIDuxZhPPzf5N6OjLSrfEIOxtdp_bTJWhZS1knr2VdN51ocaKfkonAfUDTGgIhcgsAO4YZEQTWHTyVpjZs1Sm91QLc.UuBkoMvvgCuIMEfgibGaYhQdTp_BBXm8Y3olCguZH4E&dib_tag=se&keywords=Industrial+y+cient%C3%ADfico&qid=1725878049&sr=8-17,"Guantes de látex resistentes a químicos, de Double One, seguridad industrial, protección para el trabajo, negros, 1 par",B01MD0ZFQD,6.99,Sin información,50+ comprados el mes pasado,4.5,780,https://m.media-amazon.com/images/I/71lMqxnB6jL._AC_UY218_.jpg,50.0
https://www.amazon.com/-/es/Michael-W-Dong/dp/1119313767/ref=sr_1_18?dib=eyJ2IjoiMSJ9.6WGdAkU9i3gJQv17AFkS54fTUYvcGjkjGtSRXEasrFmnKhzwTWnHF4A6IvzpfkRYGM_QY8DhfQRazBt6skpIXRsQYnyKOKKq5JIuTWbfzCZG5eRVFN1VViv_4dLiwIjloNJnZU_BmDx-O6uFGaIDuxZhPPzf5N6OjLSrfEIOxtdp_bTJWhZS1knr2VdN51ocaKfkonAfUDTGgIhcgsAO4YZEQTWHTyVpjZs1Sm91QLc.UuBkoMvvgCuIMEfgibGaYhQdTp_BBXm8Y3olCguZH4E&dib_tag=se&keywords=Industrial+y+cient%C3%ADfico&qid=1725878049&sr=8-18,HPLC and UHPLC for Practicing Scientists,1119313767,62.34,Sin información,|,4.7,36,https://m.media-amazon.com/images/I/61MzTPGW2jL._AC_UY218_.jpg,
https://www.amazon.com/-/es/C-F-Harrison/dp/1542559685/ref=sr_1_19?dib=eyJ2IjoiMSJ9.6WGdAkU9i3gJQv17AFkS54fTUYvcGjkjGtSRXEasrFmnKhzwTWnHF4A6IvzpfkRYGM_QY8DhfQRazBt6skpIXRsQYnyKOKKq5JIuTWbfzCZG5eRVFN1VViv_4dLiwIjloNJnZU_BmDx-O6uFGaIDuxZhPPzf5N6OjLSrfEIOxtdp_bTJWhZS1knr2VdN51ocaKfkonAfUDTGgIhcgsAO4YZEQTWHTyVpjZs1Sm91QLc.UuBkoMvvgCuIMEfgibGaYhQdTp_BBXm8Y3olCguZH4E&dib_tag=se&keywords=Industrial+y+cient%C3%ADfico&qid=1725878049&sr=8-19,Starting out in the pharma industry: Essential knowledge for life scientists (Life After Life Science),1542559685,12.99,Sin información,|,4.0,35,https://m.media-amazon.com/images/I/51V1D8XSbQL._AC_UY218_.jpg,
https://www.amazon.com/-/es/HaBeuniver-laboratorio-cient%C3%ADfico-dispensaci%C3%B3n-herramientas/dp/B09F5S48J2/ref=sr_1_20?dib=eyJ2IjoiMSJ9.6WGdAkU9i3gJQv17AFkS54fTUYvcGjkjGtSRXEasrFmnKhzwTWnHF4A6IvzpfkRYGM_QY8DhfQRazBt6skpIXRsQYnyKOKKq5JIuTWbfzCZG5eRVFN1VViv_4dLiwIjloNJnZU_BmDx-O6uFGaIDuxZhPPzf5N6OjLSrfEIOxtdp_bTJWhZS1knr2VdN51ocaKfkonAfUDTGgIhcgsAO4YZEQTWHTyVpjZs1Sm91QLc.UuBkoMvvgCuIMEfgibGaYhQdTp_BBXm8Y3olCguZH4E&dib_tag=se&keywords=Industrial+y+cient%C3%ADfico&qid=1725878049&sr=8-20,"The HaBeuniver - Paquete 25 jeringas de plástico de 0.17 fl oz con 22 ga, para laboratorio científico, dispensación industrial y herramientas para jeringa de medición de líquidos, envasado individual",B09F5S48J2,7.98,Sin información,"(
US$0.32
US$0.32/Count)",4.6,120,https://m.media-amazon.com/images/I/61PXvZqaGWL._AC_UY218_.jpg,
https://www.amazon.com/-/es/Michael-R-Lindeburg-PE/dp/159126068X/ref=sr_1_21?dib=eyJ2IjoiMSJ9.6WGdAkU9i3gJQv17AFkS54fTUYvcGjkjGtSRXEasrFmnKhzwTWnHF4A6IvzpfkRYGM_QY8DhfQRazBt6skpIXRsQYnyKOKKq5JIuTWbfzCZG5eRVFN1VViv_4dLiwIjloNJnZU_BmDx-O6uFGaIDuxZhPPzf5N6OjLSrfEIOxtdp_bTJWhZS1knr2VdN51ocaKfkonAfUDTGgIhcgsAO4YZEQTWHTyVpjZs1Sm91QLc.UuBkoMvvgCuIMEfgibGaYhQdTp_BBXm8Y3olCguZH4E&dib_tag=se&keywords=Industrial+y+cient%C3%ADfico&qid=1725878049&sr=8-21,"PPI Industrial Discipline-Specific Review for the FE/EIT Exam, 2nd Edition – A Comprehensive Review Book for the NCEES FE Industrial and Systems Exam",159126068X,80.0,Sin información,|,4.1,74,https://m.media-amazon.com/images/I/71nWo0-Lw2S._AC_UY218_.jpg,
https://www.amazon.com/-/es/BIG-Jobs-Guide-Mathematical-Statisticians/dp/161197528X/ref=sr_1_23?dib=eyJ2IjoiMSJ9.6WGdAkU9i3gJQv17AFkS54fTUYvcGjkjGtSRXEasrFmnKhzwTWnHF4A6IvzpfkRYGM_QY8DhfQRazBt6skpIXRsQYnyKOKKq5JIuTWbfzCZG5eRVFN1VViv_4dLiwIjloNJnZU_BmDx-O6uFGaIDuxZhPPzf5N6OjLSrfEIOxtdp_bTJWhZS1knr2VdN51ocaKfkonAfUDTGgIhcgsAO4YZEQTWHTyVpjZs1Sm91QLc.UuBkoMvvgCuIMEfgibGaYhQdTp_BBXm8Y3olCguZH4E&dib_tag=se&keywords=Industrial+y+cient%C3%ADfico&qid=1725878049&sr=8-23,"BIG Jobs Guide: Business, Industry, and Government Careers for Mathematical Scientists, Statisticians, and Operations Researchers (Other Titles in Applied Mathematics)",161197528X,25.0,Sin información,|,5.0,4,https://m.media-amazon.com/images/I/51Ui2bzsnaL._AC_UY218_.jpg,
https://www.amazon.com/-/es/Frog-Scientist-Scientists-Field/dp/0547576986/ref=sr_1_24?dib=eyJ2IjoiMSJ9.6WGdAkU9i3gJQv17AFkS54fTUYvcGjkjGtSRXEasrFmnKhzwTWnHF4A6IvzpfkRYGM_QY8DhfQRazBt6skpIXRsQYnyKOKKq5JIuTWbfzCZG5eRVFN1VViv_4dLiwIjloNJnZU_BmDx-O6uFGaIDuxZhPPzf5N6OjLSrfEIOxtdp_bTJWhZS1knr2VdN51ocaKfkonAfUDTGgIhcgsAO4YZEQTWHTyVpjZs1Sm91QLc.UuBkoMvvgCuIMEfgibGaYhQdTp_BBXm8Y3olCguZH4E&dib_tag=se&keywords=Industrial+y+cient%C3%ADfico&qid=1725878049&sr=8-24,The Frog Scientist (Scientists in the Field Series),0547576986,9.99,Sin información,|,4.8,44,https://m.media-amazon.com/images/I/81WxSiOVhSL._AC_UY218_.jpg,
https://www.amazon.com/-/es/laboratorios-cient%C3%ADficos-dispensaci%C3%B3n-suministros-individualmente/dp/B0CPLWGS7Q/ref=sr_1_25?dib=eyJ2IjoiMSJ9.6WGdAkU9i3gJQv17AFkS54fTUYvcGjkjGtSRXEasrFmnKhzwTWnHF4A6IvzpfkRYGM_QY8DhfQRazBt6skpIXRsQYnyKOKKq5JIuTWbfzCZG5eRVFN1VViv_4dLiwIjloNJnZU_BmDx-O6uFGaIDuxZhPPzf5N6OjLSrfEIOxtdp_bTJWhZS1knr2VdN51ocaKfkonAfUDTGgIhcgsAO4YZEQTWHTyVpjZs1Sm91QLc.UuBkoMvvgCuIMEfgibGaYhQdTp_BBXm8Y3olCguZH4E&dib_tag=se&keywords=Industrial+y+cient%C3%ADfico&qid=1725878049&sr=8-25,"Paquete de 50 unidades de 0.0 fl oz calibre 25 de 5/8 pulgadas, para laboratorios científicos, dispensación industrial y suministros de medición de líquidos, embalaje sellado individualmente",B0CPLWGS7Q,19.99,Sin información,50+ comprados el mes pasado,3.5,12,https://m.media-amazon.com/images/I/61R2LsTeodL._AC_UY218_.jpg,50.0
https://www.amazon.com/-/es/Roy-Keyes/dp/1637905254/ref=sr_1_26?dib=eyJ2IjoiMSJ9.6WGdAkU9i3gJQv17AFkS54fTUYvcGjkjGtSRXEasrFmnKhzwTWnHF4A6IvzpfkRYGM_QY8DhfQRazBt6skpIXRsQYnyKOKKq5JIuTWbfzCZG5eRVFN1VViv_4dLiwIjloNJnZU_BmDx-O6uFGaIDuxZhPPzf5N6OjLSrfEIOxtdp_bTJWhZS1knr2VdN51ocaKfkonAfUDTGgIhcgsAO4YZEQTWHTyVpjZs1Sm91QLc.UuBkoMvvgCuIMEfgibGaYhQdTp_BBXm8Y3olCguZH4E&dib_tag=se&keywords=Industrial+y+cient%C3%ADfico&qid=1725878049&sr=8-26,Hiring Data Scientists and Machine Learning Engineers: A practical guide,1637905254,34.99,Sin información,|,4.2,4,https://m.media-amazon.com/images/I/714-RawWB4L._AC_UY218_.jpg,
https://www.amazon.com/-/es/JustSeen-resistentes-productos-resistente-industrial/dp/B08X412CMP/ref=sr_1_27?dib=eyJ2IjoiMSJ9.6WGdAkU9i3gJQv17AFkS54fTUYvcGjkjGtSRXEasrFmnKhzwTWnHF4A6IvzpfkRYGM_QY8DhfQRazBt6skpIXRsQYnyKOKKq5JIuTWbfzCZG5eRVFN1VViv_4dLiwIjloNJnZU_BmDx-O6uFGaIDuxZhPPzf5N6OjLSrfEIOxtdp_bTJWhZS1knr2VdN51ocaKfkonAfUDTGgIhcgsAO4YZEQTWHTyVpjZs1Sm91QLc.UuBkoMvvgCuIMEfgibGaYhQdTp_BBXm8Y3olCguZH4E&dib_tag=se&keywords=Industrial+y+cient%C3%ADfico&qid=1725878049&sr=8-27,"Guantes de látex resistentes a productos químicos, 14 '' 18 '' 22 '' guante de goma resistente industrial del trabajo, color negro un par",B08X412CMP,10.99,Sin información,Sin información,4.4,224,https://m.media-amazon.com/images/I/61l2inYDq1L._AC_UY218_.jpg,
https://www.amazon.com/-/es/Barry-Rosenberg/dp/0131498630/ref=sr_1_28?dib=eyJ2IjoiMSJ9.6WGdAkU9i3gJQv17AFkS54fTUYvcGjkjGtSRXEasrFmnKhzwTWnHF4A6IvzpfkRYGM_QY8DhfQRazBt6skpIXRsQYnyKOKKq5JIuTWbfzCZG5eRVFN1VViv_4dLiwIjloNJnZU_BmDx-O6uFGaIDuxZhPPzf5N6OjLSrfEIOxtdp_bTJWhZS1knr2VdN51ocaKfkonAfUDTGgIhcgsAO4YZEQTWHTyVpjZs1Sm91QLc.UuBkoMvvgCuIMEfgibGaYhQdTp_BBXm8Y3olCguZH4E&dib_tag=se&keywords=Industrial+y+cient%C3%ADfico&qid=1725878049&sr=8-28,Spring Into Technical Writing for Engineers and Scientists,0131498630,,Sin información,|,4.0,32,https://m.media-amazon.com/images/I/61a0mI6Q1eL._AC_UY218_.jpg,
https://www.amazon.com/-/es/Alan-Morrison/dp/0231179383/ref=sr_1_29?dib=eyJ2IjoiMSJ9.6WGdAkU9i3gJQv17AFkS54fTUYvcGjkjGtSRXEasrFmnKhzwTWnHF4A6IvzpfkRYGM_QY8DhfQRazBt6skpIXRsQYnyKOKKq5JIuTWbfzCZG5eRVFN1VViv_4dLiwIjloNJnZU_BmDx-O6uFGaIDuxZhPPzf5N6OjLSrfEIOxtdp_bTJWhZS1knr2VdN51ocaKfkonAfUDTGgIhcgsAO4YZEQTWHTyVpjZs1Sm91QLc.UuBkoMvvgCuIMEfgibGaYhQdTp_BBXm8Y3olCguZH4E&dib_tag=se&keywords=Industrial+y+cient%C3%ADfico&qid=1725878049&sr=8-29,Biotechnology Law: A Primer for Scientists,0231179383,63.68,Sin información,|,5.0,3,https://m.media-amazon.com/images/I/61Le72yZdWL._AC_UY218_.jpg,
https://www.amazon.com/-/es/Jim-Longuski/dp/156347655X/ref=sr_1_30?dib=eyJ2IjoiMSJ9.6WGdAkU9i3gJQv17AFkS54fTUYvcGjkjGtSRXEasrFmnKhzwTWnHF4A6IvzpfkRYGM_QY8DhfQRazBt6skpIXRsQYnyKOKKq5JIuTWbfzCZG5eRVFN1VViv_4dLiwIjloNJnZU_BmDx-O6uFGaIDuxZhPPzf5N6OjLSrfEIOxtdp_bTJWhZS1knr2VdN51ocaKfkonAfUDTGgIhcgsAO4YZEQTWHTyVpjZs1Sm91QLc.UuBkoMvvgCuIMEfgibGaYhQdTp_BBXm8Y3olCguZH4E&dib_tag=se&keywords=Industrial+y+cient%C3%ADfico&qid=1725878049&sr=8-30,Advice to Rocket Scientists: A Career Survival Guide for Scientists and Engineers (Library of Flight),156347655X,19.95,Sin información,|,4.5,38,https://m.media-amazon.com/images/I/91F-FAHv8ML._AC_UY218_.jpg,
https://www.amazon.com/-/es/Paul-Lucier-ebook/dp/B07DFM4GR4/ref=sr_1_31?dib=eyJ2IjoiMSJ9.6WGdAkU9i3gJQv17AFkS54fTUYvcGjkjGtSRXEasrFmnKhzwTWnHF4A6IvzpfkRYGM_QY8DhfQRazBt6skpIXRsQYnyKOKKq5JIuTWbfzCZG5eRVFN1VViv_4dLiwIjloNJnZU_BmDx-O6uFGaIDuxZhPPzf5N6OjLSrfEIOxtdp_bTJWhZS1knr2VdN51ocaKfkonAfUDTGgIhcgsAO4YZEQTWHTyVpjZs1Sm91QLc.UuBkoMvvgCuIMEfgibGaYhQdTp_BBXm8Y3olCguZH4E&dib_tag=se&keywords=Industrial+y+cient%C3%ADfico&qid=1725878049&sr=8-31,"Scientists and Swindlers: Consulting on Coal and Oil in America, 1820–1890 (Johns Hopkins Studies in the History of Technology)",B07DFM4GR4,9.99,Sin información,|,4.7,3,https://m.media-amazon.com/images/I/81QVgIaZu4L._AC_UY218_.jpg,
https://www.amazon.com/-/es/Mad-Scientist-Decoraci%C3%B3n-decoraci%C3%B3n-laboratorio/dp/B08VJFF25B/ref=sr_1_32?dib=eyJ2IjoiMSJ9.6WGdAkU9i3gJQv17AFkS54fTUYvcGjkjGtSRXEasrFmnKhzwTWnHF4A6IvzpfkRYGM_QY8DhfQRazBt6skpIXRsQYnyKOKKq5JIuTWbfzCZG5eRVFN1VViv_4dLiwIjloNJnZU_BmDx-O6uFGaIDuxZhPPzf5N6OjLSrfEIOxtdp_bTJWhZS1knr2VdN51ocaKfkonAfUDTGgIhcgsAO4YZEQTWHTyVpjZs1Sm91QLc.UuBkoMvvgCuIMEfgibGaYhQdTp_BBXm8Y3olCguZH4E&dib_tag=se&keywords=Industrial+y+cient%C3%ADfico&qid=1725878049&sr=8-32,"Mad Scientist - Decoración de pared para el hogar, decoración de científico loco, regalos de ciencia de aluminio, letrero de laboratorio, decoración de metal de estaño, accesorios de científico loco",B08VJFF25B,7.95,Sin información,100+ comprados el mes pasado,4.7,449,https://m.media-amazon.com/images/I/61YBpwzE61L._AC_UY218_.jpg,100.0
https://www.amazon.com/-/es/sspa/click?ie=UTF8&spc=MToyNDI0Mjk4NjM5NDQ4NDA6MTcyNTg3ODA0OTpzcF9idGY6MjAwMDEwMzY0NDEwNjUxOjowOjo&url=%2FEngineers-Practical-Databook-Technical-Professionals%2Fdp%2F1980619344%2Fref%3Dsr_1_33_sspa%3Fdib%3DeyJ2IjoiMSJ9.6WGdAkU9i3gJQv17AFkS54fTUYvcGjkjGtSRXEasrFmnKhzwTWnHF4A6IvzpfkRYGM_QY8DhfQRazBt6skpIXRsQYnyKOKKq5JIuTWbfzCZG5eRVFN1VViv_4dLiwIjloNJnZU_BmDx-O6uFGaIDuxZhPPzf5N6OjLSrfEIOxtdp_bTJWhZS1knr2VdN51ocaKfkonAfUDTGgIhcgsAO4YZEQTWHTyVpjZs1Sm91QLc.UuBkoMvvgCuIMEfgibGaYhQdTp_BBXm8Y3olCguZH4E%26dib_tag%3Dse%26keywords%3DIndustrial%2By%2Bcient%25C3%25ADfico%26qid%3D1725878049%26sr%3D8-33-spons%26sp_csd%3Dd2lkZ2V0TmFtZT1zcF9idGY%26psc%3D1,Engineers' Practical Databook: A Technical Reference Guide for Students and Professionals,1980619344,18.04,Sin información,|,4.6,806,https://m.media-amazon.com/images/I/61Ym+fQca4L._AC_UY218_.jpg,
https://www.amazon.com/-/es/Ada-Twist-Scientist-Andrea-Beaty/dp/1419721372/ref=sr_1_33?dib=eyJ2IjoiMSJ9.Rt8R88sROM62iDNG-G16xeF00g36heAtKNofhn53NgNnWKtQd6zNPil2R6dDMWWdt5Vv7vtrXmt7XhGDvZK6y9fg2FoW_pp97IXipUV-yfd6svCOa0FTxtemNorztke9QHSifqpi9-RNPe-B-RbzNmoOw9RGCMVhgeUOUICvTlC2QxttEh6JdU_u1r6B0k3tKfg-44VZG78Vs1UnxWmn9JYdwCUPAOmgDSO_cpueddw.AhZP9FIAOM1lhzOLLqlY9m5aFQG-e9fAgakKpOGvOok&dib_tag=se&keywords=Industrial+y+cient%C3%ADfico&qid=1725878059&sr=8-33,"Ada Twist, Scientist - Tapa dura por Andrea Beaty",1419721372,8.99,Sin información,|,4.9,5251,https://m.media-amazon.com/images/I/81W2dJ5K9NL._AC_UY218_.jpg,
https://www.amazon.com/-/es/Dr-C-F-Harrison/dp/1537090747/ref=sr_1_34?dib=eyJ2IjoiMSJ9.Rt8R88sROM62iDNG-G16xeF00g36heAtKNofhn53NgNnWKtQd6zNPil2R6dDMWWdt5Vv7vtrXmt7XhGDvZK6y9fg2FoW_pp97IXipUV-yfd6svCOa0FTxtemNorztke9QHSifqpi9-RNPe-B-RbzNmoOw9RGCMVhgeUOUICvTlC2QxttEh6JdU_u1r6B0k3tKfg-44VZG78Vs1UnxWmn9JYdwCUPAOmgDSO_cpueddw.AhZP9FIAOM1lhzOLLqlY9m5aFQG-e9fAgakKpOGvOok&dib_tag=se&keywords=Industrial+y+cient%C3%ADfico&qid=1725878059&sr=8-34,Pharmaceutical Regulatory Affairs: An Introduction for Life Scientists (Life After Life Science),1537090747,18.99,Sin información,|,4.2,102,https://m.media-amazon.com/images/I/515EB2XNeNL._AC_UY218_.jpg,
https://www.amazon.com/-/es/Camille-Andros/dp/0544785835/ref=sr_1_35?dib=eyJ2IjoiMSJ9.Rt8R88sROM62iDNG-G16xeF00g36heAtKNofhn53NgNnWKtQd6zNPil2R6dDMWWdt5Vv7vtrXmt7XhGDvZK6y9fg2FoW_pp97IXipUV-yfd6svCOa0FTxtemNorztke9QHSifqpi9-RNPe-B-RbzNmoOw9RGCMVhgeUOUICvTlC2QxttEh6JdU_u1r6B0k3tKfg-44VZG78Vs1UnxWmn9JYdwCUPAOmgDSO_cpueddw.AhZP9FIAOM1lhzOLLqlY9m5aFQG-e9fAgakKpOGvOok&dib_tag=se&keywords=Industrial+y+cient%C3%ADfico&qid=1725878059&sr=8-35,Charlotte the Scientist Is Squished,0544785835,15.01,Sin información,|,4.8,166,https://m.media-amazon.com/images/I/81pSukKvCIL._AC_UY218_.jpg,
https://www.amazon.com/-/es/Baby-Loves-Scientists-Science/dp/1623542472/ref=sr_1_36?dib=eyJ2IjoiMSJ9.Rt8R88sROM62iDNG-G16xeF00g36heAtKNofhn53NgNnWKtQd6zNPil2R6dDMWWdt5Vv7vtrXmt7XhGDvZK6y9fg2FoW_pp97IXipUV-yfd6svCOa0FTxtemNorztke9QHSifqpi9-RNPe-B-RbzNmoOw9RGCMVhgeUOUICvTlC2QxttEh6JdU_u1r6B0k3tKfg-44VZG78Vs1UnxWmn9JYdwCUPAOmgDSO_cpueddw.AhZP9FIAOM1lhzOLLqlY9m5aFQG-e9fAgakKpOGvOok&dib_tag=se&keywords=Industrial+y+cient%C3%ADfico&qid=1725878059&sr=8-36,Baby Loves Scientists (Baby Loves Science),1623542472,8.99,Sin información,|,4.8,89,https://m.media-amazon.com/images/I/81G4So6igXL._AC_UY218_.jpg,
https://www.amazon.com/-/es/Gregory-Berns/dp/1400338808/ref=sr_1_37?dib=eyJ2IjoiMSJ9.Rt8R88sROM62iDNG-G16xeF00g36heAtKNofhn53NgNnWKtQd6zNPil2R6dDMWWdt5Vv7vtrXmt7XhGDvZK6y9fg2FoW_pp97IXipUV-yfd6svCOa0FTxtemNorztke9QHSifqpi9-RNPe-B-RbzNmoOw9RGCMVhgeUOUICvTlC2QxttEh6JdU_u1r6B0k3tKfg-44VZG78Vs1UnxWmn9JYdwCUPAOmgDSO_cpueddw.AhZP9FIAOM1lhzOLLqlY9m5aFQG-e9fAgakKpOGvOok&dib_tag=se&keywords=Industrial+y+cient%C3%ADfico&qid=1725878059&sr=8-37,Cowpuppy: An Unexpected Friendship and a Scientist’s Journey into the Secret World of Cows,1400338808,22.29,Sin información,|,4.1,4,https://m.media-amazon.com/images/I/81V-lmd0TnL._AC_UY218_.jpg,
https://www.amazon.com/-/es/Safco-Master-5117-industrial-econ%C3%B3mica/dp/B001MS6WJM/ref=sr_1_38?dib=eyJ2IjoiMSJ9.Rt8R88sROM62iDNG-G16xeF00g36heAtKNofhn53NgNnWKtQd6zNPil2R6dDMWWdt5Vv7vtrXmt7XhGDvZK6y9fg2FoW_pp97IXipUV-yfd6svCOa0FTxtemNorztke9QHSifqpi9-RNPe-B-RbzNmoOw9RGCMVhgeUOUICvTlC2QxttEh6JdU_u1r6B0k3tKfg-44VZG78Vs1UnxWmn9JYdwCUPAOmgDSO_cpueddw.AhZP9FIAOM1lhzOLLqlY9m5aFQG-e9fAgakKpOGvOok&dib_tag=se&keywords=Industrial+y+cient%C3%ADfico&qid=1725878059&sr=8-38,"Safco Master 5117 - Silla de trabajo industrial económica con respaldo alto, color negro",B001MS6WJM,374.34,Sin información,Más opciones de compra,4.8,13,https://m.media-amazon.com/images/I/61cQBFg8t2L._AC_UY218_.jpg,
https://www.amazon.com/-/es/Jacob-Shapiro/dp/0674007409/ref=sr_1_39?dib=eyJ2IjoiMSJ9.Rt8R88sROM62iDNG-G16xeF00g36heAtKNofhn53NgNnWKtQd6zNPil2R6dDMWWdt5Vv7vtrXmt7XhGDvZK6y9fg2FoW_pp97IXipUV-yfd6svCOa0FTxtemNorztke9QHSifqpi9-RNPe-B-RbzNmoOw9RGCMVhgeUOUICvTlC2QxttEh6JdU_u1r6B0k3tKfg-44VZG78Vs1UnxWmn9JYdwCUPAOmgDSO_cpueddw.AhZP9FIAOM1lhzOLLqlY9m5aFQG-e9fAgakKpOGvOok&dib_tag=se&keywords=Industrial+y+cient%C3%ADfico&qid=1725878059&sr=8-39,"Radiation Protection: A Guide for Scientists, Regulators and Physicians",0674007409,106.79,Sin información,|,5.0,5,https://m.media-amazon.com/images/I/61zVd+AjLZL._AC_UY218_.jpg,
https://www.amazon.com/-/es/John-B-Drake/dp/1611973538/ref=sr_1_40?dib=eyJ2IjoiMSJ9.Rt8R88sROM62iDNG-G16xeF00g36heAtKNofhn53NgNnWKtQd6zNPil2R6dDMWWdt5Vv7vtrXmt7XhGDvZK6y9fg2FoW_pp97IXipUV-yfd6svCOa0FTxtemNorztke9QHSifqpi9-RNPe-B-RbzNmoOw9RGCMVhgeUOUICvTlC2QxttEh6JdU_u1r6B0k3tKfg-44VZG78Vs1UnxWmn9JYdwCUPAOmgDSO_cpueddw.AhZP9FIAOM1lhzOLLqlY9m5aFQG-e9fAgakKpOGvOok&dib_tag=se&keywords=Industrial+y+cient%C3%ADfico&qid=1725878059&sr=8-40,Climate Modeling for Scientists and Engineers,1611973538,,Sin información,|,4.7,3,https://m.media-amazon.com/images/I/616SHE5EXTL._AC_UY218_.jpg,
https://www.amazon.com/-/es/neodimio-bricolaje-construcci%C3%B3n-cient%C3%ADfico-manualidades/dp/B0CWNGQ3LQ/ref=sr_1_41?dib=eyJ2IjoiMSJ9.Rt8R88sROM62iDNG-G16xeF00g36heAtKNofhn53NgNnWKtQd6zNPil2R6dDMWWdt5Vv7vtrXmt7XhGDvZK6y9fg2FoW_pp97IXipUV-yfd6svCOa0FTxtemNorztke9QHSifqpi9-RNPe-B-RbzNmoOw9RGCMVhgeUOUICvTlC2QxttEh6JdU_u1r6B0k3tKfg-44VZG78Vs1UnxWmn9JYdwCUPAOmgDSO_cpueddw.AhZP9FIAOM1lhzOLLqlY9m5aFQG-e9fAgakKpOGvOok&dib_tag=se&keywords=Industrial+y+cient%C3%ADfico&qid=1725878059&sr=8-41,"DIYMAG Imanes de disco de neodimio negros potentes con adhesivo de doble cara, imanes fuertes de tierras raras para nevera, bricolaje, construcción, científico, manualidades y oficina, 1.26 pulgadas",B0CWNGQ3LQ,22.99,Sin información,50+ comprados el mes pasado,4.4,19573,https://m.media-amazon.com/images/I/71IRRS2TYaL._AC_UY218_.jpg,50.0
https://www.amazon.com/-/es/David-L-Lewis-PhD/dp/1510743103/ref=sr_1_42?dib=eyJ2IjoiMSJ9.Rt8R88sROM62iDNG-G16xeF00g36heAtKNofhn53NgNnWKtQd6zNPil2R6dDMWWdt5Vv7vtrXmt7XhGDvZK6y9fg2FoW_pp97IXipUV-yfd6svCOa0FTxtemNorztke9QHSifqpi9-RNPe-B-RbzNmoOw9RGCMVhgeUOUICvTlC2QxttEh6JdU_u1r6B0k3tKfg-44VZG78Vs1UnxWmn9JYdwCUPAOmgDSO_cpueddw.AhZP9FIAOM1lhzOLLqlY9m5aFQG-e9fAgakKpOGvOok&dib_tag=se&keywords=Industrial+y+cient%C3%ADfico&qid=1725878059&sr=8-42,"Science for Sale: How the US Government Uses Powerful Corporations and Leading Universities to Support Government Policies, Silence Top Scientists, Jeopardize Our Health, and Protect Corporate Profits",1510743103,18.71,Sin información,|,4.6,125,https://m.media-amazon.com/images/I/811GG83x1kL._AC_UY218_.jpg,
https://www.amazon.com/-/es/Charles-River-Editors-ebook/dp/B073BN43CT/ref=sr_1_43?dib=eyJ2IjoiMSJ9.Rt8R88sROM62iDNG-G16xeF00g36heAtKNofhn53NgNnWKtQd6zNPil2R6dDMWWdt5Vv7vtrXmt7XhGDvZK6y9fg2FoW_pp97IXipUV-yfd6svCOa0FTxtemNorztke9QHSifqpi9-RNPe-B-RbzNmoOw9RGCMVhgeUOUICvTlC2QxttEh6JdU_u1r6B0k3tKfg-44VZG78Vs1UnxWmn9JYdwCUPAOmgDSO_cpueddw.AhZP9FIAOM1lhzOLLqlY9m5aFQG-e9fAgakKpOGvOok&dib_tag=se&keywords=Industrial+y+cient%C3%ADfico&qid=1725878059&sr=8-43,La Revolución Industrial: Historia y legado de los rápidos avances científicos y tecnológicos que dieron comienzo al mundo moderno (Spanish Edition),B073BN43CT,0.0,Sin información,Edición en Español,3.5,12,https://m.media-amazon.com/images/I/81UEG50PYyL._AC_UY218_.jpg,
https://www.amazon.com/-/es/Mike-Venezia/dp/0531213358/ref=sr_1_44?dib=eyJ2IjoiMSJ9.Rt8R88sROM62iDNG-G16xeF00g36heAtKNofhn53NgNnWKtQd6zNPil2R6dDMWWdt5Vv7vtrXmt7XhGDvZK6y9fg2FoW_pp97IXipUV-yfd6svCOa0FTxtemNorztke9QHSifqpi9-RNPe-B-RbzNmoOw9RGCMVhgeUOUICvTlC2QxttEh6JdU_u1r6B0k3tKfg-44VZG78Vs1UnxWmn9JYdwCUPAOmgDSO_cpueddw.AhZP9FIAOM1lhzOLLqlY9m5aFQG-e9fAgakKpOGvOok&dib_tag=se&keywords=Industrial+y+cient%C3%ADfico&qid=1725878059&sr=8-44,Henry Ford (Getting to Know the World's Greatest Inventors & Scientists),0531213358,,Sin información,|,4.9,26,https://m.media-amazon.com/images/I/61-hPyj6hIL._AC_UY218_.jpg,
https://www.amazon.com/-/es/Steven-W-Smith/dp/0966017633/ref=sr_1_45?dib=eyJ2IjoiMSJ9.Rt8R88sROM62iDNG-G16xeF00g36heAtKNofhn53NgNnWKtQd6zNPil2R6dDMWWdt5Vv7vtrXmt7XhGDvZK6y9fg2FoW_pp97IXipUV-yfd6svCOa0FTxtemNorztke9QHSifqpi9-RNPe-B-RbzNmoOw9RGCMVhgeUOUICvTlC2QxttEh6JdU_u1r6B0k3tKfg-44VZG78Vs1UnxWmn9JYdwCUPAOmgDSO_cpueddw.AhZP9FIAOM1lhzOLLqlY9m5aFQG-e9fAgakKpOGvOok&dib_tag=se&keywords=Industrial+y+cient%C3%ADfico&qid=1725878059&sr=8-45,The Scientist & Engineer's Guide to Digital Signal Processing,0966017633,48.94,Sin información,|,4.8,185,https://m.media-amazon.com/images/I/619+V8YSxQL._AC_UY218_.jpg,
https://www.amazon.com/-/es/Deshumidificador-deshumidificador-industrial-inteligente-comerciales/dp/B09X4NFPKF/ref=sr_1_46?dib=eyJ2IjoiMSJ9.Rt8R88sROM62iDNG-G16xeF00g36heAtKNofhn53NgNnWKtQd6zNPil2R6dDMWWdt5Vv7vtrXmt7XhGDvZK6y9fg2FoW_pp97IXipUV-yfd6svCOa0FTxtemNorztke9QHSifqpi9-RNPe-B-RbzNmoOw9RGCMVhgeUOUICvTlC2QxttEh6JdU_u1r6B0k3tKfg-44VZG78Vs1UnxWmn9JYdwCUPAOmgDSO_cpueddw.AhZP9FIAOM1lhzOLLqlY9m5aFQG-e9fAgakKpOGvOok&dib_tag=se&keywords=Industrial+y+cient%C3%ADfico&qid=1725878059&sr=8-46,"AlorAir Deshumidificador comercial con manguera de drenaje de bomba, deshumidificador industrial inteligente WiFi de 190 pintas, gran capacidad para sótanos, garajes, centros comerciales y lugares de",B09X4NFPKF,799.0,Sin información,PVPR:,5.0,6,https://m.media-amazon.com/images/I/71EPiPCK2NL._AC_UY218_.jpg,
https://www.amazon.com/-/es/Michael-G-Starkey/dp/1647396492/ref=sr_1_47?dib=eyJ2IjoiMSJ9.Rt8R88sROM62iDNG-G16xeF00g36heAtKNofhn53NgNnWKtQd6zNPil2R6dDMWWdt5Vv7vtrXmt7XhGDvZK6y9fg2FoW_pp97IXipUV-yfd6svCOa0FTxtemNorztke9QHSifqpi9-RNPe-B-RbzNmoOw9RGCMVhgeUOUICvTlC2QxttEh6JdU_u1r6B0k3tKfg-44VZG78Vs1UnxWmn9JYdwCUPAOmgDSO_cpueddw.AhZP9FIAOM1lhzOLLqlY9m5aFQG-e9fAgakKpOGvOok&dib_tag=se&keywords=Industrial+y+cient%C3%ADfico&qid=1725878059&sr=8-47,"Reptiles for Kids: A Junior Scientist's Guide to Lizards, Amphibians, and Cold-Blooded Creatures",1647396492,5.84,Sin información,|,4.8,475,https://m.media-amazon.com/images/I/81+Ijaalj5L._AC_UY218_.jpg,
https://www.amazon.com/-/es/ZHTRKLJK-laboratorio-cient%C3%ADfico-preescolar-Halloween/dp/B0D3TTCF62/ref=sr_1_48?dib=eyJ2IjoiMSJ9.Rt8R88sROM62iDNG-G16xeF00g36heAtKNofhn53NgNnWKtQd6zNPil2R6dDMWWdt5Vv7vtrXmt7XhGDvZK6y9fg2FoW_pp97IXipUV-yfd6svCOa0FTxtemNorztke9QHSifqpi9-RNPe-B-RbzNmoOw9RGCMVhgeUOUICvTlC2QxttEh6JdU_u1r6B0k3tKfg-44VZG78Vs1UnxWmn9JYdwCUPAOmgDSO_cpueddw.AhZP9FIAOM1lhzOLLqlY9m5aFQG-e9fAgakKpOGvOok&dib_tag=se&keywords=Industrial+y+cient%C3%ADfico&qid=1725878059&sr=8-48,"Abrigo de laboratorio para niños, para médico, dentista, científico, día de carrera, preescolar, juego de rol, disfraz para Halloween, Navidad",B0D3TTCF62,12.89,Sin información,Sin información,4.5,2,https://m.media-amazon.com/images/I/41xSXxfbxnL._AC_UY218_.jpg,
https://www.amazon.com/-/es/Michael-Dong-ebook/dp/B098B7RK77/ref=sr_1_49?dib=eyJ2IjoiMSJ9.8IYHNKCXDzIGI2MbsowiiYiepKJiqID69sknJ7aM7Owqffef3tMwyOnDU0yIsna4_VkvjRhh7MY1ZeL9a5wQneHj3z0HF1qgGI5IYZ0yS89gK80YqpeNs8_MebO8tm8edG261E4O1kqo-I6duDcVcde-lgAvQerlwxdOcNVRqzOVXJp8Tyqk0LV6cGJHErDNPoJwGuJ88fxnEtWwXa8gNJrR_hBwtiH9me-xIwQgMBg.TCoeVLTJMgfU21jbUSITsLr--vGx0EaZrvGsKTjf-GY&dib_tag=se&keywords=Industrial+y+cient%C3%ADfico&qid=1725878073&sr=8-49,My Career as a Separation Scientist: The life of a China-born analytical chemist and his career in research and industries in America,B098B7RK77,0.0,Sin información,|,4.8,10,https://m.media-amazon.com/images/I/81WjInIy0TS._AC_UY218_.jpg,
https://www.amazon.com/-/es/Hans-C-Ohanian/dp/0393930041/ref=sr_1_50?dib=eyJ2IjoiMSJ9.8IYHNKCXDzIGI2MbsowiiYiepKJiqID69sknJ7aM7Owqffef3tMwyOnDU0yIsna4_VkvjRhh7MY1ZeL9a5wQneHj3z0HF1qgGI5IYZ0yS89gK80YqpeNs8_MebO8tm8edG261E4O1kqo-I6duDcVcde-lgAvQerlwxdOcNVRqzOVXJp8Tyqk0LV6cGJHErDNPoJwGuJ88fxnEtWwXa8gNJrR_hBwtiH9me-xIwQgMBg.TCoeVLTJMgfU21jbUSITsLr--vGx0EaZrvGsKTjf-GY&dib_tag=se&keywords=Industrial+y+cient%C3%ADfico&qid=1725878073&sr=8-50,"Physics for Engineers and Scientists, Volume 2, Third Edition (Chapters 22-36 v. 2)",0393930041,83.68,Sin información,|,4.6,34,https://m.media-amazon.com/images/I/61PlLIVRSdL._AC_UY218_.jpg,
https://www.amazon.com/-/es/Edward-Wilson/dp/0871403854/ref=sr_1_51?dib=eyJ2IjoiMSJ9.8IYHNKCXDzIGI2MbsowiiYiepKJiqID69sknJ7aM7Owqffef3tMwyOnDU0yIsna4_VkvjRhh7MY1ZeL9a5wQneHj3z0HF1qgGI5IYZ0yS89gK80YqpeNs8_MebO8tm8edG261E4O1kqo-I6duDcVcde-lgAvQerlwxdOcNVRqzOVXJp8Tyqk0LV6cGJHErDNPoJwGuJ88fxnEtWwXa8gNJrR_hBwtiH9me-xIwQgMBg.TCoeVLTJMgfU21jbUSITsLr--vGx0EaZrvGsKTjf-GY&dib_tag=se&keywords=Industrial+y+cient%C3%ADfico&qid=1725878073&sr=8-51,Letters to a Young Scientist,0871403854,10.49,Sin información,|,4.5,529,https://m.media-amazon.com/images/I/71ZddoX1KFL._AC_UY218_.jpg,
https://www.amazon.com/-/es/Flexzilla-GC400PL-limpieza-resistentes-neopreno/dp/B08ZQ8DW9D/ref=sr_1_52?dib=eyJ2IjoiMSJ9.8IYHNKCXDzIGI2MbsowiiYiepKJiqID69sknJ7aM7Owqffef3tMwyOnDU0yIsna4_VkvjRhh7MY1ZeL9a5wQneHj3z0HF1qgGI5IYZ0yS89gK80YqpeNs8_MebO8tm8edG261E4O1kqo-I6duDcVcde-lgAvQerlwxdOcNVRqzOVXJp8Tyqk0LV6cGJHErDNPoJwGuJ88fxnEtWwXa8gNJrR_hBwtiH9me-xIwQgMBg.TCoeVLTJMgfU21jbUSITsLr--vGx0EaZrvGsKTjf-GY&dib_tag=se&keywords=Industrial+y+cient%C3%ADfico&qid=1725878073&sr=8-52,"Flexzilla Pro GC400PL Guantes de limpieza resistentes, neopreno, 13, negro, L",B08ZQ8DW9D,6.25,Sin información,"(
US$23.15
US$23.15/Pound)",3.7,63,https://m.media-amazon.com/images/I/511pH1c-QvL._AC_UY218_.jpg,
https://www.amazon.com/-/es/David-Stabler/dp/1683690745/ref=sr_1_53?dib=eyJ2IjoiMSJ9.8IYHNKCXDzIGI2MbsowiiYiepKJiqID69sknJ7aM7Owqffef3tMwyOnDU0yIsna4_VkvjRhh7MY1ZeL9a5wQneHj3z0HF1qgGI5IYZ0yS89gK80YqpeNs8_MebO8tm8edG261E4O1kqo-I6duDcVcde-lgAvQerlwxdOcNVRqzOVXJp8Tyqk0LV6cGJHErDNPoJwGuJ88fxnEtWwXa8gNJrR_hBwtiH9me-xIwQgMBg.TCoeVLTJMgfU21jbUSITsLr--vGx0EaZrvGsKTjf-GY&dib_tag=se&keywords=Industrial+y+cient%C3%ADfico&qid=1725878073&sr=8-53,Kid Scientists: True Tales of Childhood from Science Superstars (Kid Legends),1683690745,12.49,Sin información,|,4.8,425,https://m.media-amazon.com/images/I/81qnDng+a5L._AC_UY218_.jpg,
https://www.amazon.com/-/es/profesores-decoraci%C3%B3n-laboratorio-decoraciones-divertidos/dp/B09SKKY3DC/ref=sr_1_54?dib=eyJ2IjoiMSJ9.8IYHNKCXDzIGI2MbsowiiYiepKJiqID69sknJ7aM7Owqffef3tMwyOnDU0yIsna4_VkvjRhh7MY1ZeL9a5wQneHj3z0HF1qgGI5IYZ0yS89gK80YqpeNs8_MebO8tm8edG261E4O1kqo-I6duDcVcde-lgAvQerlwxdOcNVRqzOVXJp8Tyqk0LV6cGJHErDNPoJwGuJ88fxnEtWwXa8gNJrR_hBwtiH9me-xIwQgMBg.TCoeVLTJMgfU21jbUSITsLr--vGx0EaZrvGsKTjf-GY&dib_tag=se&keywords=Industrial+y+cient%C3%ADfico&qid=1725878073&sr=8-54,"Regalos de ciencia para profesores, decoración de laboratorio de química, decoraciones de fiesta de aula, divertidos accesorios de científico loco de 12 x 8 pulgadas",B09SKKY3DC,9.99,Sin información,Sin información,5.0,4,https://m.media-amazon.com/images/I/611n3RkyfeL._AC_UY218_.jpg,
https://www.amazon.com/-/es/Darwin-V-Ellis/dp/904816947X/ref=sr_1_55?dib=eyJ2IjoiMSJ9.8IYHNKCXDzIGI2MbsowiiYiepKJiqID69sknJ7aM7Owqffef3tMwyOnDU0yIsna4_VkvjRhh7MY1ZeL9a5wQneHj3z0HF1qgGI5IYZ0yS89gK80YqpeNs8_MebO8tm8edG261E4O1kqo-I6duDcVcde-lgAvQerlwxdOcNVRqzOVXJp8Tyqk0LV6cGJHErDNPoJwGuJ88fxnEtWwXa8gNJrR_hBwtiH9me-xIwQgMBg.TCoeVLTJMgfU21jbUSITsLr--vGx0EaZrvGsKTjf-GY&dib_tag=se&keywords=Industrial+y+cient%C3%ADfico&qid=1725878073&sr=8-55,Well Logging for Earth Scientists,904816947X,65.11,Sin información,|,4.2,18,https://m.media-amazon.com/images/I/61BPbsxOdBL._AC_UY218_.jpg,
https://www.amazon.com/-/es/Gavin-Weightman/dp/0802144845/ref=sr_1_56?dib=eyJ2IjoiMSJ9.8IYHNKCXDzIGI2MbsowiiYiepKJiqID69sknJ7aM7Owqffef3tMwyOnDU0yIsna4_VkvjRhh7MY1ZeL9a5wQneHj3z0HF1qgGI5IYZ0yS89gK80YqpeNs8_MebO8tm8edG261E4O1kqo-I6duDcVcde-lgAvQerlwxdOcNVRqzOVXJp8Tyqk0LV6cGJHErDNPoJwGuJ88fxnEtWwXa8gNJrR_hBwtiH9me-xIwQgMBg.TCoeVLTJMgfU21jbUSITsLr--vGx0EaZrvGsKTjf-GY&dib_tag=se&keywords=Industrial+y+cient%C3%ADfico&qid=1725878073&sr=8-56,The Industrial Revolutionaries: The Making of the Modern World 1776-1914,0802144845,14.59,Sin información,|,4.1,145,https://m.media-amazon.com/images/I/81pK-B96XNL._AC_UY218_.jpg,
https://www.amazon.com/-/es/JustSeen-resistentes-qu%C3%ADmicos-industriales-impermeables/dp/B09HKFZN51/ref=sr_1_57?dib=eyJ2IjoiMSJ9.8IYHNKCXDzIGI2MbsowiiYiepKJiqID69sknJ7aM7Owqffef3tMwyOnDU0yIsna4_VkvjRhh7MY1ZeL9a5wQneHj3z0HF1qgGI5IYZ0yS89gK80YqpeNs8_MebO8tm8edG261E4O1kqo-I6duDcVcde-lgAvQerlwxdOcNVRqzOVXJp8Tyqk0LV6cGJHErDNPoJwGuJ88fxnEtWwXa8gNJrR_hBwtiH9me-xIwQgMBg.TCoeVLTJMgfU21jbUSITsLr--vGx0EaZrvGsKTjf-GY&dib_tag=se&keywords=Industrial+y+cient%C3%ADfico&qid=1725878073&sr=8-57,"Guantes de goma resistentes a los productos químicos, guantes de trabajo industriales impermeables talla M-L, color negro",B09HKFZN51,7.99,Sin información,Sin información,4.6,55,https://m.media-amazon.com/images/I/61T1ujbNuDL._AC_UY218_.jpg,
https://www.amazon.com/-/es/HUOBAOPAO-industriales-laboratorios-cient%C3%ADficos-filtraci%C3%B3n/dp/B09MKXJC49/ref=sr_1_58?dib=eyJ2IjoiMSJ9.8IYHNKCXDzIGI2MbsowiiYiepKJiqID69sknJ7aM7Owqffef3tMwyOnDU0yIsna4_VkvjRhh7MY1ZeL9a5wQneHj3z0HF1qgGI5IYZ0yS89gK80YqpeNs8_MebO8tm8edG261E4O1kqo-I6duDcVcde-lgAvQerlwxdOcNVRqzOVXJp8Tyqk0LV6cGJHErDNPoJwGuJ88fxnEtWwXa8gNJrR_hBwtiH9me-xIwQgMBg.TCoeVLTJMgfU21jbUSITsLr--vGx0EaZrvGsKTjf-GY&dib_tag=se&keywords=Industrial+y+cient%C3%ADfico&qid=1725878073&sr=8-58,"3 jeringas grandes de 5.1 fl oz, jeringas industriales de jardín de plástico para laboratorios científicos, medición, riego, recarga, filtración múltiples usos",B09MKXJC49,9.99,Sin información,"(
US$3.33
US$3.33/Producto)",4.2,43,https://m.media-amazon.com/images/I/7127iy7pQQL._AC_UY218_.jpg,
https://www.amazon.com/-/es/Hiromitsu-Kumamoto/dp/0780310047/ref=sr_1_59?dib=eyJ2IjoiMSJ9.8IYHNKCXDzIGI2MbsowiiYiepKJiqID69sknJ7aM7Owqffef3tMwyOnDU0yIsna4_VkvjRhh7MY1ZeL9a5wQneHj3z0HF1qgGI5IYZ0yS89gK80YqpeNs8_MebO8tm8edG261E4O1kqo-I6duDcVcde-lgAvQerlwxdOcNVRqzOVXJp8Tyqk0LV6cGJHErDNPoJwGuJ88fxnEtWwXa8gNJrR_hBwtiH9me-xIwQgMBg.TCoeVLTJMgfU21jbUSITsLr--vGx0EaZrvGsKTjf-GY&dib_tag=se&keywords=Industrial+y+cient%C3%ADfico&qid=1725878073&sr=8-59,Probabilistic Risk Assessment and Management for Engineers and Scientists,0780310047,105.0,Sin información,|,4.6,5,https://m.media-amazon.com/images/I/41N768KZV8L._AC_UY218_.jpg,
https://www.amazon.com/-/es/dispensaci%C3%B3n-industriales-herramientas-laboratorio-individuales/dp/B0D7BZCCVG/ref=sr_1_60?dib=eyJ2IjoiMSJ9.8IYHNKCXDzIGI2MbsowiiYiepKJiqID69sknJ7aM7Owqffef3tMwyOnDU0yIsna4_VkvjRhh7MY1ZeL9a5wQneHj3z0HF1qgGI5IYZ0yS89gK80YqpeNs8_MebO8tm8edG261E4O1kqo-I6duDcVcde-lgAvQerlwxdOcNVRqzOVXJp8Tyqk0LV6cGJHErDNPoJwGuJ88fxnEtWwXa8gNJrR_hBwtiH9me-xIwQgMBg.TCoeVLTJMgfU21jbUSITsLr--vGx0EaZrvGsKTjf-GY&dib_tag=se&keywords=Industrial+y+cient%C3%ADfico&qid=1725878073&sr=8-60,"Paquete de 100 accesorios de dispensación industriales Luer Lock de calibre 18 de 1 pulgada (0.984 in), herramientas de laboratorio individuales para rellenar líquidos, tintas",B0D7BZCCVG,3.49,Sin información,"(
US$0.35
US$0.35/10 Productos)",4.7,6,https://m.media-amazon.com/images/I/61GH8PFneSL._AC_UY218_.jpg,
https://www.amazon.com/-/es/dp/B07Z8GM1MX/ref=sr_1_61?dib=eyJ2IjoiMSJ9.8IYHNKCXDzIGI2MbsowiiYiepKJiqID69sknJ7aM7Owqffef3tMwyOnDU0yIsna4_VkvjRhh7MY1ZeL9a5wQneHj3z0HF1qgGI5IYZ0yS89gK80YqpeNs8_MebO8tm8edG261E4O1kqo-I6duDcVcde-lgAvQerlwxdOcNVRqzOVXJp8Tyqk0LV6cGJHErDNPoJwGuJ88fxnEtWwXa8gNJrR_hBwtiH9me-xIwQgMBg.TCoeVLTJMgfU21jbUSITsLr--vGx0EaZrvGsKTjf-GY&dib_tag=se&keywords=Industrial+y+cient%C3%ADfico&qid=1725878073&sr=8-61,Think Like a Rocket Scientist: Simple Strategies You Can Use to Make Giant Leaps in Work and Life,B07Z8GM1MX,0.0,Sin información,PVPR:,4.6,1975,https://m.media-amazon.com/images/I/71Ww4SbLmwL._AC_UY218_.jpg,
https://www.amazon.com/-/es/individualmente-envueltas-laboratorios-cient%C3%ADficos-cartuchos/dp/B0B3QT67QD/ref=sr_1_62?dib=eyJ2IjoiMSJ9.8IYHNKCXDzIGI2MbsowiiYiepKJiqID69sknJ7aM7Owqffef3tMwyOnDU0yIsna4_VkvjRhh7MY1ZeL9a5wQneHj3z0HF1qgGI5IYZ0yS89gK80YqpeNs8_MebO8tm8edG261E4O1kqo-I6duDcVcde-lgAvQerlwxdOcNVRqzOVXJp8Tyqk0LV6cGJHErDNPoJwGuJ88fxnEtWwXa8gNJrR_hBwtiH9me-xIwQgMBg.TCoeVLTJMgfU21jbUSITsLr--vGx0EaZrvGsKTjf-GY&dib_tag=se&keywords=Industrial+y+cient%C3%ADfico&qid=1725878073&sr=8-62,"Paquete de 25 jeringas Luer Lock de plástico de 0.1 fl oz/cc con 23 Ga y tapa, selladas individualmente envueltas, para laboratorios científicos, medición de líquido, cartuchos de recarga o aplicador",B0B3QT67QD,7.98,Sin información,"(
US$0.32
US$0.32/Producto)",4.6,439,https://m.media-amazon.com/images/I/61FfPfwU44L._AC_UY218_.jpg,
https://www.amazon.com/-/es/Daniel-W-Drezner/dp/0190906286/ref=sr_1_63?dib=eyJ2IjoiMSJ9.8IYHNKCXDzIGI2MbsowiiYiepKJiqID69sknJ7aM7Owqffef3tMwyOnDU0yIsna4_VkvjRhh7MY1ZeL9a5wQneHj3z0HF1qgGI5IYZ0yS89gK80YqpeNs8_MebO8tm8edG261E4O1kqo-I6duDcVcde-lgAvQerlwxdOcNVRqzOVXJp8Tyqk0LV6cGJHErDNPoJwGuJ88fxnEtWwXa8gNJrR_hBwtiH9me-xIwQgMBg.TCoeVLTJMgfU21jbUSITsLr--vGx0EaZrvGsKTjf-GY&dib_tag=se&keywords=Industrial+y+cient%C3%ADfico&qid=1725878073&sr=8-63,"The Ideas Industry: How Pessimists, Partisans, and Plutocrats are Transforming the Marketplace of Ideas",0190906286,16.81,Sin información,|,4.1,89,https://m.media-amazon.com/images/I/61+9T0Y6haL._AC_UY218_.jpg,
https://www.amazon.com/-/es/5-Minute-Twist-Scientist-Stories-Questioneers/dp/1419762788/ref=sr_1_65?dib=eyJ2IjoiMSJ9.Wokg-miVYzds2P6FlASWj2v09RyleRGRkna-qH-ULSJaYfbRMfzAERhyFILkmThYAuEQZquEpRU4COy_HABMjBJ8XhItvuAwRutPpFMquRJc7DUQbBdsv2Y8DYktfzl9qThEfTbeDPppy-tHoifZq70tHYzkwddSJ3O1OV--U-ToKIl1L_uvz3xweJJy0RRDGd74UtyIKu0Yi_hhzPA-8IZk8tZWzNcu_oMK6iMPEtw.zWxxgu_j35_2-3XabLwPneKtND3HtboYgRsVzc_VvGY&dib_tag=se&keywords=Industrial+y+cient%C3%ADfico&qid=1725878086&sr=8-65,"5-Minute Ada Twist, Scientist Stories (The Questioneers)",1419762788,9.36,Sin información,|,4.7,85,https://m.media-amazon.com/images/I/71vB7S8PleL._AC_UY218_.jpg,
https://www.amazon.com/-/es/Lisa-M-Bolt-Simons/dp/154350650X/ref=sr_1_66?dib=eyJ2IjoiMSJ9.Wokg-miVYzds2P6FlASWj2v09RyleRGRkna-qH-ULSJaYfbRMfzAERhyFILkmThYAuEQZquEpRU4COy_HABMjBJ8XhItvuAwRutPpFMquRJc7DUQbBdsv2Y8DYktfzl9qThEfTbeDPppy-tHoifZq70tHYzkwddSJ3O1OV--U-ToKIl1L_uvz3xweJJy0RRDGd74UtyIKu0Yi_hhzPA-8IZk8tZWzNcu_oMK6iMPEtw.zWxxgu_j35_2-3XabLwPneKtND3HtboYgRsVzc_VvGY&dib_tag=se&keywords=Industrial+y+cient%C3%ADfico&qid=1725878086&sr=8-66,Madam C.J. Walker: Inventor and Businesswoman (STEM Scientists and Inventors),154350650X,7.99,Sin información,|,4.2,17,https://m.media-amazon.com/images/I/71sieAo7WEL._AC_UY218_.jpg,
https://www.amazon.com/-/es/Max-F-Perutz/dp/0879696745/ref=sr_1_67?dib=eyJ2IjoiMSJ9.Wokg-miVYzds2P6FlASWj2v09RyleRGRkna-qH-ULSJaYfbRMfzAERhyFILkmThYAuEQZquEpRU4COy_HABMjBJ8XhItvuAwRutPpFMquRJc7DUQbBdsv2Y8DYktfzl9qThEfTbeDPppy-tHoifZq70tHYzkwddSJ3O1OV--U-ToKIl1L_uvz3xweJJy0RRDGd74UtyIKu0Yi_hhzPA-8IZk8tZWzNcu_oMK6iMPEtw.zWxxgu_j35_2-3XabLwPneKtND3HtboYgRsVzc_VvGY&dib_tag=se&keywords=Industrial+y+cient%C3%ADfico&qid=1725878086&sr=8-67,"I Wish I'd Made You Angry Earlier: Essays on Science, Scientists, and Humanity",0879696745,18.0,Sin información,|,4.8,23,https://m.media-amazon.com/images/I/21wMlXqwA7L._AC_UY218_.jpg,
https://www.amazon.com/-/es/Jiju-Antony/dp/0443151733/ref=sr_1_68?dib=eyJ2IjoiMSJ9.Wokg-miVYzds2P6FlASWj2v09RyleRGRkna-qH-ULSJaYfbRMfzAERhyFILkmThYAuEQZquEpRU4COy_HABMjBJ8XhItvuAwRutPpFMquRJc7DUQbBdsv2Y8DYktfzl9qThEfTbeDPppy-tHoifZq70tHYzkwddSJ3O1OV--U-ToKIl1L_uvz3xweJJy0RRDGd74UtyIKu0Yi_hhzPA-8IZk8tZWzNcu_oMK6iMPEtw.zWxxgu_j35_2-3XabLwPneKtND3HtboYgRsVzc_VvGY&dib_tag=se&keywords=Industrial+y+cient%C3%ADfico&qid=1725878086&sr=8-68,Design of Experiments for Engineers and Scientists,0443151733,78.9,Sin información,|,5.0,1,https://m.media-amazon.com/images/I/61E3ij88lSL._AC_UY218_.jpg,
https://www.amazon.com/-/es/Michael-Belfiore/dp/0061577936/ref=sr_1_69?dib=eyJ2IjoiMSJ9.Wokg-miVYzds2P6FlASWj2v09RyleRGRkna-qH-ULSJaYfbRMfzAERhyFILkmThYAuEQZquEpRU4COy_HABMjBJ8XhItvuAwRutPpFMquRJc7DUQbBdsv2Y8DYktfzl9qThEfTbeDPppy-tHoifZq70tHYzkwddSJ3O1OV--U-ToKIl1L_uvz3xweJJy0RRDGd74UtyIKu0Yi_hhzPA-8IZk8tZWzNcu_oMK6iMPEtw.zWxxgu_j35_2-3XabLwPneKtND3HtboYgRsVzc_VvGY&dib_tag=se&keywords=Industrial+y+cient%C3%ADfico&qid=1725878086&sr=8-69,"Department of Mad Scientists, The",0061577936,16.81,Sin información,|,4.2,43,https://m.media-amazon.com/images/I/51TsOyjxy0L._AC_UY218_.jpg,
https://www.amazon.com/-/es/Calibre-pulgada-suministros-dispensaci%C3%B3n-industrial/dp/B0CP7NL673/ref=sr_1_70?dib=eyJ2IjoiMSJ9.Wokg-miVYzds2P6FlASWj2v09RyleRGRkna-qH-ULSJaYfbRMfzAERhyFILkmThYAuEQZquEpRU4COy_HABMjBJ8XhItvuAwRutPpFMquRJc7DUQbBdsv2Y8DYktfzl9qThEfTbeDPppy-tHoifZq70tHYzkwddSJ3O1OV--U-ToKIl1L_uvz3xweJJy0RRDGd74UtyIKu0Yi_hhzPA-8IZk8tZWzNcu_oMK6iMPEtw.zWxxgu_j35_2-3XabLwPneKtND3HtboYgRsVzc_VvGY&dib_tag=se&keywords=Industrial+y+cient%C3%ADfico&qid=1725878086&sr=8-70,Calibre 20 1 pulgada: 100 PCS para suministros de dispensación industrial (20G),B0CP7NL673,9.99,Sin información,"(
US$0.10
US$0.10/Producto)",4.4,105,https://m.media-amazon.com/images/I/71ahngXfzML._AC_UY218_.jpg,
https://www.amazon.com/-/es/accesorios-dispensaci%C3%B3n-industrial-pulgadas-laboratorio/dp/B0CYT2HC2D/ref=sr_1_71?dib=eyJ2IjoiMSJ9.Wokg-miVYzds2P6FlASWj2v09RyleRGRkna-qH-ULSJaYfbRMfzAERhyFILkmThYAuEQZquEpRU4COy_HABMjBJ8XhItvuAwRutPpFMquRJc7DUQbBdsv2Y8DYktfzl9qThEfTbeDPppy-tHoifZq70tHYzkwddSJ3O1OV--U-ToKIl1L_uvz3xweJJy0RRDGd74UtyIKu0Yi_hhzPA-8IZk8tZWzNcu_oMK6iMPEtw.zWxxgu_j35_2-3XabLwPneKtND3HtboYgRsVzc_VvGY&dib_tag=se&keywords=Industrial+y+cient%C3%ADfico&qid=1725878086&sr=8-71,"100 accesorios de dispensación industrial de 1.5 pulgadas, para medir y recargar, tintas, plantas, industrial, laboratorio (rosa 18Ga)",B0CYT2HC2D,9.99,Sin información,Sin información,5.0,1,https://m.media-amazon.com/images/I/51XYjcG-B9L._AC_UY218_.jpg,
https://www.amazon.com/-/es/Michael-Hiltzik-ebook/dp/B00P434FUE/ref=sr_1_72?dib=eyJ2IjoiMSJ9.Wokg-miVYzds2P6FlASWj2v09RyleRGRkna-qH-ULSJaYfbRMfzAERhyFILkmThYAuEQZquEpRU4COy_HABMjBJ8XhItvuAwRutPpFMquRJc7DUQbBdsv2Y8DYktfzl9qThEfTbeDPppy-tHoifZq70tHYzkwddSJ3O1OV--U-ToKIl1L_uvz3xweJJy0RRDGd74UtyIKu0Yi_hhzPA-8IZk8tZWzNcu_oMK6iMPEtw.zWxxgu_j35_2-3XabLwPneKtND3HtboYgRsVzc_VvGY&dib_tag=se&keywords=Industrial+y+cient%C3%ADfico&qid=1725878086&sr=8-72,Big Science: Ernest Lawrence and the Invention That Launched the Military-Industrial Complex,B00P434FUE,13.67,Sin información,|,4.4,112,https://m.media-amazon.com/images/I/81sxegasAWL._AC_UY218_.jpg,
https://www.amazon.com/-/es/Calculadora-gr%C3%A1fica-cient%C3%ADfica-ingenier%C3%ADa-programable/dp/B07RF925SV/ref=sr_1_73?dib=eyJ2IjoiMSJ9.Wokg-miVYzds2P6FlASWj2v09RyleRGRkna-qH-ULSJaYfbRMfzAERhyFILkmThYAuEQZquEpRU4COy_HABMjBJ8XhItvuAwRutPpFMquRJc7DUQbBdsv2Y8DYktfzl9qThEfTbeDPppy-tHoifZq70tHYzkwddSJ3O1OV--U-ToKIl1L_uvz3xweJJy0RRDGd74UtyIKu0Yi_hhzPA-8IZk8tZWzNcu_oMK6iMPEtw.zWxxgu_j35_2-3XabLwPneKtND3HtboYgRsVzc_VvGY&dib_tag=se&keywords=Industrial+y+cient%C3%ADfico&qid=1725878086&sr=8-73,"Calculadora gráfica - Catiga CS121 - Calculadora científica y de ingeniería - Sistema programable, negro (2 Paq)",B07RF925SV,69.99,Sin información,50+ comprados el mes pasado,4.3,4920,https://m.media-amazon.com/images/I/71Ucm8gEfIL._AC_UY218_.jpg,50.0
https://www.amazon.com/-/es/Dennis-L-Eggleston/dp/0521154308/ref=sr_1_74?dib=eyJ2IjoiMSJ9.Wokg-miVYzds2P6FlASWj2v09RyleRGRkna-qH-ULSJaYfbRMfzAERhyFILkmThYAuEQZquEpRU4COy_HABMjBJ8XhItvuAwRutPpFMquRJc7DUQbBdsv2Y8DYktfzl9qThEfTbeDPppy-tHoifZq70tHYzkwddSJ3O1OV--U-ToKIl1L_uvz3xweJJy0RRDGd74UtyIKu0Yi_hhzPA-8IZk8tZWzNcu_oMK6iMPEtw.zWxxgu_j35_2-3XabLwPneKtND3HtboYgRsVzc_VvGY&dib_tag=se&keywords=Industrial+y+cient%C3%ADfico&qid=1725878086&sr=8-74,Basic Electronics for Scientists and Engineers,0521154308,51.78,Sin información,|,4.4,19,https://m.media-amazon.com/images/I/71oI-LWr9iL._AC_UY218_.jpg,
https://www.amazon.com/-/es/Americas-Test-Kitchen-Kids/dp/1948703661/ref=sr_1_75?dib=eyJ2IjoiMSJ9.Wokg-miVYzds2P6FlASWj2v09RyleRGRkna-qH-ULSJaYfbRMfzAERhyFILkmThYAuEQZquEpRU4COy_HABMjBJ8XhItvuAwRutPpFMquRJc7DUQbBdsv2Y8DYktfzl9qThEfTbeDPppy-tHoifZq70tHYzkwddSJ3O1OV--U-ToKIl1L_uvz3xweJJy0RRDGd74UtyIKu0Yi_hhzPA-8IZk8tZWzNcu_oMK6iMPEtw.zWxxgu_j35_2-3XabLwPneKtND3HtboYgRsVzc_VvGY&dib_tag=se&keywords=Industrial+y+cient%C3%ADfico&qid=1725878086&sr=8-75,"The Complete Cookbook for Young Scientists: Good Science Makes Great Food: 70+ Recipes, Experiments, & Activities (Young Chefs Series)",1948703661,12.9,Sin información,|,4.7,879,https://m.media-amazon.com/images/I/81lZH7YEjwL._AC_UY218_.jpg,
https://www.amazon.com/-/es/QIYANGBRO-interruptores-basculantes-interruptor-resistente/dp/B0CT2JNY1K/ref=sr_1_76?dib=eyJ2IjoiMSJ9.Wokg-miVYzds2P6FlASWj2v09RyleRGRkna-qH-ULSJaYfbRMfzAERhyFILkmThYAuEQZquEpRU4COy_HABMjBJ8XhItvuAwRutPpFMquRJc7DUQbBdsv2Y8DYktfzl9qThEfTbeDPppy-tHoifZq70tHYzkwddSJ3O1OV--U-ToKIl1L_uvz3xweJJy0RRDGd74UtyIKu0Yi_hhzPA-8IZk8tZWzNcu_oMK6iMPEtw.zWxxgu_j35_2-3XabLwPneKtND3HtboYgRsVzc_VvGY&dib_tag=se&keywords=Industrial+y+cient%C3%ADfico&qid=1725878086&sr=8-76,Paquete de 4 interruptores basculantes 30A 250VAC/35 125VAC KCD2 KCD4 DPST 4 Pin rojo iluminado 120V Rocker Toffle interruptor encendido apagado resistente,B0CT2JNY1K,11.9,Sin información,"(
US$0.74
US$0.74/Ounce)",5.0,2,https://m.media-amazon.com/images/I/61RmgF0HgGL._AC_UY218_.jpg,
https://www.amazon.com/-/es/Liz-Lee-Heinecke/dp/1631598325/ref=sr_1_77?dib=eyJ2IjoiMSJ9.Wokg-miVYzds2P6FlASWj2v09RyleRGRkna-qH-ULSJaYfbRMfzAERhyFILkmThYAuEQZquEpRU4COy_HABMjBJ8XhItvuAwRutPpFMquRJc7DUQbBdsv2Y8DYktfzl9qThEfTbeDPppy-tHoifZq70tHYzkwddSJ3O1OV--U-ToKIl1L_uvz3xweJJy0RRDGd74UtyIKu0Yi_hhzPA-8IZk8tZWzNcu_oMK6iMPEtw.zWxxgu_j35_2-3XabLwPneKtND3HtboYgRsVzc_VvGY&dib_tag=se&keywords=Industrial+y+cient%C3%ADfico&qid=1725878086&sr=8-77,"The Kitchen Pantry Scientist Biology for Kids: Science Experiments and Activities Inspired by Awesome Biologists, Past and Present; with 25 ... (Volume 2) (The Kitchen Pantry Scientist, 2)",1631598325,16.52,Sin información,|,4.4,65,https://m.media-amazon.com/images/I/91FeFltkuYL._AC_UY218_.jpg,
https://www.amazon.com/-/es/Tom-Mumbray/dp/147496902X/ref=sr_1_79?dib=eyJ2IjoiMSJ9.Wokg-miVYzds2P6FlASWj2v09RyleRGRkna-qH-ULSJaYfbRMfzAERhyFILkmThYAuEQZquEpRU4COy_HABMjBJ8XhItvuAwRutPpFMquRJc7DUQbBdsv2Y8DYktfzl9qThEfTbeDPppy-tHoifZq70tHYzkwddSJ3O1OV--U-ToKIl1L_uvz3xweJJy0RRDGd74UtyIKu0Yi_hhzPA-8IZk8tZWzNcu_oMK6iMPEtw.zWxxgu_j35_2-3XabLwPneKtND3HtboYgRsVzc_VvGY&dib_tag=se&keywords=Industrial+y+cient%C3%ADfico&qid=1725878086&sr=8-79,What Do Scientists Do?,147496902X,20.2,Sin información,|,5.0,2,https://m.media-amazon.com/images/I/812r1Ppzk7L._AC_UY218_.jpg,
https://www.amazon.com/-/es/anal%C3%ADtica-laboratorio-precisi%C3%B3n-electr%C3%B3nica-industrial/dp/B0CLKYPFFQ/ref=sr_1_80?dib=eyJ2IjoiMSJ9.Wokg-miVYzds2P6FlASWj2v09RyleRGRkna-qH-ULSJaYfbRMfzAERhyFILkmThYAuEQZquEpRU4COy_HABMjBJ8XhItvuAwRutPpFMquRJc7DUQbBdsv2Y8DYktfzl9qThEfTbeDPppy-tHoifZq70tHYzkwddSJ3O1OV--U-ToKIl1L_uvz3xweJJy0RRDGd74UtyIKu0Yi_hhzPA-8IZk8tZWzNcu_oMK6iMPEtw.zWxxgu_j35_2-3XabLwPneKtND3HtboYgRsVzc_VvGY&dib_tag=se&keywords=Industrial+y+cient%C3%ADfico&qid=1725878086&sr=8-80,Balanza analítica digital de laboratorio de alta precisión Balanza electrónica Báscula industrial (6.6 lbs/0.00 oz (cuadrado),B0CLKYPFFQ,105.99,Sin información,Sin información,3.9,37,https://m.media-amazon.com/images/I/61Q8JXgMUPL._AC_UY218_.jpg,
https://www.amazon.com/-/es/Por-Matthew-McElligott-Scientist-Academy/dp/0553523740/ref=sr_1_81?dib=eyJ2IjoiMSJ9.AU-PgrrGjfSTPh7nGBxNaBZYpehAsqlov_MaCkMHQ-4XwlqvN2Nt5MzueKbsLKnX1FYUt-mbezPEOZA42bIn9UsNnYu5gtPsW09dEm6rRP-WIlYHC7lY0VZFra1cdqb14MxHoFI8uYo7kJVFHVOKShCsoO15tQO9zaJCfARBZbxLyQYnR2TEWc3k64mTpU-ur5-8UOwhztRAMf4UJvoSpjXLjWzlaxgshPovZpgAS5E.O4oTcQeuLEZCUENsBfREbV5vlX23G_aXpbQbTR8SkIE&dib_tag=se&keywords=Industrial+y+cient%C3%ADfico&qid=1725878097&sr=8-81,Por Matthew McElligott – Mad Scientist Academy: El dinosaurio desastre (2015 – 07 – 22) [Tapa dura],0553523740,17.09,Sin información,|,4.5,80,https://m.media-amazon.com/images/I/71OR+Hf6d2L._AC_UY218_.jpg,
https://www.amazon.com/-/es/Abrigo-laboratorio-cient%C3%ADfico-disfraz-carrera/dp/B0D1FX3528/ref=sr_1_82?dib=eyJ2IjoiMSJ9.AU-PgrrGjfSTPh7nGBxNaBZYpehAsqlov_MaCkMHQ-4XwlqvN2Nt5MzueKbsLKnX1FYUt-mbezPEOZA42bIn9UsNnYu5gtPsW09dEm6rRP-WIlYHC7lY0VZFra1cdqb14MxHoFI8uYo7kJVFHVOKShCsoO15tQO9zaJCfARBZbxLyQYnR2TEWc3k64mTpU-ur5-8UOwhztRAMf4UJvoSpjXLjWzlaxgshPovZpgAS5E.O4oTcQeuLEZCUENsBfREbV5vlX23G_aXpbQbTR8SkIE&dib_tag=se&keywords=Industrial+y+cient%C3%ADfico&qid=1725878097&sr=8-82,"Abrigo de laboratorio unisex para niños, científico, juego de rol, disfraz de día de carrera, suave al tacto",B0D1FX3528,12.59,Sin información,Sin información,2.0,1,https://m.media-amazon.com/images/I/51aSumkDRZL._AC_UY218_.jpg,
https://www.amazon.com/-/es/Cliff-Kuang/dp/1250758203/ref=sr_1_83?dib=eyJ2IjoiMSJ9.AU-PgrrGjfSTPh7nGBxNaBZYpehAsqlov_MaCkMHQ-4XwlqvN2Nt5MzueKbsLKnX1FYUt-mbezPEOZA42bIn9UsNnYu5gtPsW09dEm6rRP-WIlYHC7lY0VZFra1cdqb14MxHoFI8uYo7kJVFHVOKShCsoO15tQO9zaJCfARBZbxLyQYnR2TEWc3k64mTpU-ur5-8UOwhztRAMf4UJvoSpjXLjWzlaxgshPovZpgAS5E.O4oTcQeuLEZCUENsBfREbV5vlX23G_aXpbQbTR8SkIE&dib_tag=se&keywords=Industrial+y+cient%C3%ADfico&qid=1725878097&sr=8-83,"User Friendly- How the Hidden Rules of Design Are Changing the Way We Live, Work, and Play",1250758203,17.89,Sin información,|,4.5,758,https://m.media-amazon.com/images/I/71wkaNrIIgL._AC_UY218_.jpg,
https://www.amazon.com/-/es/Medline-laboratorio-personal-botones-poli%C3%A9ster/dp/B000K6WFG6/ref=sr_1_84?dib=eyJ2IjoiMSJ9.AU-PgrrGjfSTPh7nGBxNaBZYpehAsqlov_MaCkMHQ-4XwlqvN2Nt5MzueKbsLKnX1FYUt-mbezPEOZA42bIn9UsNnYu5gtPsW09dEm6rRP-WIlYHC7lY0VZFra1cdqb14MxHoFI8uYo7kJVFHVOKShCsoO15tQO9zaJCfARBZbxLyQYnR2TEWc3k64mTpU-ur5-8UOwhztRAMf4UJvoSpjXLjWzlaxgshPovZpgAS5E.O4oTcQeuLEZCUENsBfREbV5vlX23G_aXpbQbTR8SkIE&dib_tag=se&keywords=Industrial+y+cient%C3%ADfico&qid=1725878097&sr=8-84,"Medline bata de laboratorio unisex de largo de personal, con botones, poliéster/algodón, color blanco, Talla 50, Blanco, 1",B000K6WFG6,25.99,Sin información,Sin información,3.2,13,https://m.media-amazon.com/images/I/51VcLnI99SL._AC_UY218_.jpg,
https://www.amazon.com/-/es/Lauren-Davidson/dp/1647398843/ref=sr_1_85?dib=eyJ2IjoiMSJ9.AU-PgrrGjfSTPh7nGBxNaBZYpehAsqlov_MaCkMHQ-4XwlqvN2Nt5MzueKbsLKnX1FYUt-mbezPEOZA42bIn9UsNnYu5gtPsW09dEm6rRP-WIlYHC7lY0VZFra1cdqb14MxHoFI8uYo7kJVFHVOKShCsoO15tQO9zaJCfARBZbxLyQYnR2TEWc3k64mTpU-ur5-8UOwhztRAMf4UJvoSpjXLjWzlaxgshPovZpgAS5E.O4oTcQeuLEZCUENsBfREbV5vlX23G_aXpbQbTR8SkIE&dib_tag=se&keywords=Industrial+y+cient%C3%ADfico&qid=1725878097&sr=8-85,Butterflies for Kids: A Junior Scientist's Guide to the Butterfly Life Cycle and Beautiful Species to Discover,1647398843,5.84,Sin información,|,4.8,408,https://m.media-amazon.com/images/I/815Y40xai4L._AC_UY218_.jpg,
https://www.amazon.com/-/es/Mad-Scientist-Academy-Space-Disaster/dp/0553523856/ref=sr_1_86?dib=eyJ2IjoiMSJ9.AU-PgrrGjfSTPh7nGBxNaBZYpehAsqlov_MaCkMHQ-4XwlqvN2Nt5MzueKbsLKnX1FYUt-mbezPEOZA42bIn9UsNnYu5gtPsW09dEm6rRP-WIlYHC7lY0VZFra1cdqb14MxHoFI8uYo7kJVFHVOKShCsoO15tQO9zaJCfARBZbxLyQYnR2TEWc3k64mTpU-ur5-8UOwhztRAMf4UJvoSpjXLjWzlaxgshPovZpgAS5E.O4oTcQeuLEZCUENsBfREbV5vlX23G_aXpbQbTR8SkIE&dib_tag=se&keywords=Industrial+y+cient%C3%ADfico&qid=1725878097&sr=8-86,Mad Scientist Academy: The Space Disaster,0553523856,8.99,Sin información,|,4.5,38,https://m.media-amazon.com/images/I/81wy9w8apYL._AC_UY218_.jpg,
https://www.amazon.com/-/es/Francis-S-Collins/dp/1416542744/ref=sr_1_87?dib=eyJ2IjoiMSJ9.AU-PgrrGjfSTPh7nGBxNaBZYpehAsqlov_MaCkMHQ-4XwlqvN2Nt5MzueKbsLKnX1FYUt-mbezPEOZA42bIn9UsNnYu5gtPsW09dEm6rRP-WIlYHC7lY0VZFra1cdqb14MxHoFI8uYo7kJVFHVOKShCsoO15tQO9zaJCfARBZbxLyQYnR2TEWc3k64mTpU-ur5-8UOwhztRAMf4UJvoSpjXLjWzlaxgshPovZpgAS5E.O4oTcQeuLEZCUENsBfREbV5vlX23G_aXpbQbTR8SkIE&dib_tag=se&keywords=Industrial+y+cient%C3%ADfico&qid=1725878097&sr=8-87,The Language of God: A Scientist Presents Evidence for Belief,1416542744,10.69,Sin información,|,4.6,3476,https://m.media-amazon.com/images/I/71Sk1aFTUhL._AC_UY218_.jpg,
https://www.amazon.com/-/es/6000gx0-0-04-laboratorio-precisi%C3%B3n-electr%C3%B3nica-industrial/dp/B09MKT9NKN/ref=sr_1_88?dib=eyJ2IjoiMSJ9.AU-PgrrGjfSTPh7nGBxNaBZYpehAsqlov_MaCkMHQ-4XwlqvN2Nt5MzueKbsLKnX1FYUt-mbezPEOZA42bIn9UsNnYu5gtPsW09dEm6rRP-WIlYHC7lY0VZFra1cdqb14MxHoFI8uYo7kJVFHVOKShCsoO15tQO9zaJCfARBZbxLyQYnR2TEWc3k64mTpU-ur5-8UOwhztRAMf4UJvoSpjXLjWzlaxgshPovZpgAS5E.O4oTcQeuLEZCUENsBfREbV5vlX23G_aXpbQbTR8SkIE&dib_tag=se&keywords=Industrial+y+cient%C3%ADfico&qid=1725878097&sr=8-88,6000gx0.0.04 oz Báscula de laboratorio de gran alcance de precisión digital electrónica de laboratorio Balanza analítica Balanza analítica Escala de conteo Escala industrial Escala postal,B09MKT9NKN,139.99,Sin información,Sin información,4.5,223,https://m.media-amazon.com/images/I/61v5rBmm+dL._AC_UY218_.jpg,
https://www.amazon.com/-/es/Andrea-Beaty/dp/1419765558/ref=sr_1_89?dib=eyJ2IjoiMSJ9.AU-PgrrGjfSTPh7nGBxNaBZYpehAsqlov_MaCkMHQ-4XwlqvN2Nt5MzueKbsLKnX1FYUt-mbezPEOZA42bIn9UsNnYu5gtPsW09dEm6rRP-WIlYHC7lY0VZFra1cdqb14MxHoFI8uYo7kJVFHVOKShCsoO15tQO9zaJCfARBZbxLyQYnR2TEWc3k64mTpU-ur5-8UOwhztRAMf4UJvoSpjXLjWzlaxgshPovZpgAS5E.O4oTcQeuLEZCUENsBfREbV5vlX23G_aXpbQbTR8SkIE&dib_tag=se&keywords=Industrial+y+cient%C3%ADfico&qid=1725878097&sr=8-89,"Bug Bonanza! (Ada Twist, Scientist: Why Files #4) (The Questioneers)",1419765558,8.99,Sin información,|,3.7,7,https://m.media-amazon.com/images/I/71ru55pR+aL._AC_UY218_.jpg,
https://www.amazon.com/-/es/industrial-cient%C3%ADfica-capacidad-calibraci%C3%B3n-porcentaje/dp/B008S093F2/ref=sr_1_90?dib=eyJ2IjoiMSJ9.AU-PgrrGjfSTPh7nGBxNaBZYpehAsqlov_MaCkMHQ-4XwlqvN2Nt5MzueKbsLKnX1FYUt-mbezPEOZA42bIn9UsNnYu5gtPsW09dEm6rRP-WIlYHC7lY0VZFra1cdqb14MxHoFI8uYo7kJVFHVOKShCsoO15tQO9zaJCfARBZbxLyQYnR2TEWc3k64mTpU-ur5-8UOwhztRAMf4UJvoSpjXLjWzlaxgshPovZpgAS5E.O4oTcQeuLEZCUENsBfREbV5vlX23G_aXpbQbTR8SkIE&dib_tag=se&keywords=Industrial+y+cient%C3%ADfico&qid=1725878097&sr=8-90,"A&D Weighing Báscula de gramos, báscula digital industrial y científica con capacidad máxima de 11.29 oz, precisión de 0.00 oz (0.00 oz LFT), calibración externa, modos de conteo y porcentaje,",B008S093F2,639.0,Sin información,Sin información,3.4,4,https://m.media-amazon.com/images/I/51O810keqnL._AC_UY218_.jpg,
https://www.amazon.com/-/es/accesorios-dispensaci%C3%B3n-industriales-empaquetados-individualmente/dp/B0B1L2T77Q/ref=sr_1_91?dib=eyJ2IjoiMSJ9.AU-PgrrGjfSTPh7nGBxNaBZYpehAsqlov_MaCkMHQ-4XwlqvN2Nt5MzueKbsLKnX1FYUt-mbezPEOZA42bIn9UsNnYu5gtPsW09dEm6rRP-WIlYHC7lY0VZFra1cdqb14MxHoFI8uYo7kJVFHVOKShCsoO15tQO9zaJCfARBZbxLyQYnR2TEWc3k64mTpU-ur5-8UOwhztRAMf4UJvoSpjXLjWzlaxgshPovZpgAS5E.O4oTcQeuLEZCUENsBfREbV5vlX23G_aXpbQbTR8SkIE&dib_tag=se&keywords=Industrial+y+cient%C3%ADfico&qid=1725878097&sr=8-91,"Aguja de calibre 30 de 1/2 pulgada, accesorios de dispensación de jeringas industriales, empaquetados individualmente",B0B1L2T77Q,9.9,Sin información,"(
US$0.10
US$0.10/Count)",4.5,294,https://m.media-amazon.com/images/I/61AtuEBHBYL._AC_UY218_.jpg,
https://www.amazon.com/Andrea-Beaty/dp/141973024X/ref=sr_1_92?dib=eyJ2IjoiMSJ9.AU-PgrrGjfSTPh7nGBxNaBZYpehAsqlov_MaCkMHQ-4XwlqvN2Nt5MzueKbsLKnX1FYUt-mbezPEOZA42bIn9UsNnYu5gtPsW09dEm6rRP-WIlYHC7lY0VZFra1cdqb14MxHoFI8uYo7kJVFHVOKShCsoO15tQO9zaJCfARBZbxLyQYnR2TEWc3k64mTpU-ur5-8UOwhztRAMf4UJvoSpjXLjWzlaxgshPovZpgAS5E.O4oTcQeuLEZCUENsBfREbV5vlX23G_aXpbQbTR8SkIE&dib_tag=se&keywords=Industrial+y+cient%C3%ADfico&qid=1725878097&sr=8-92,Ada Twist's Big Project Book for Stellar Scientists (The Questioneers),141973024X,8.79,Sin información,|,4.8,501,https://m.media-amazon.com/images/I/71E7s5TlNML._AC_UY218_.jpg,
https://www.amazon.com/-/es/laboratorio-electr%C3%B3nica-anal%C3%ADtica-miligramo-industrial/dp/B0D2QJLNXG/ref=sr_1_93?dib=eyJ2IjoiMSJ9.AU-PgrrGjfSTPh7nGBxNaBZYpehAsqlov_MaCkMHQ-4XwlqvN2Nt5MzueKbsLKnX1FYUt-mbezPEOZA42bIn9UsNnYu5gtPsW09dEm6rRP-WIlYHC7lY0VZFra1cdqb14MxHoFI8uYo7kJVFHVOKShCsoO15tQO9zaJCfARBZbxLyQYnR2TEWc3k64mTpU-ur5-8UOwhztRAMf4UJvoSpjXLjWzlaxgshPovZpgAS5E.O4oTcQeuLEZCUENsBfREbV5vlX23G_aXpbQbTR8SkIE&dib_tag=se&keywords=Industrial+y+cient%C3%ADfico&qid=1725878097&sr=8-93,3.53 oz X 0.00 oz Escala digital precisa de gramos de laboratorio Balanza electrónica analítica de laboratorio Escala de miligramo de laboratorio Escala de conteo industrial Pesaje de joyería,B0D2QJLNXG,119.99,Sin información,Sin información,5.0,1,https://m.media-amazon.com/images/I/61U92-ZRJSL._AC_UY218_.jpg,
https://www.amazon.com/-/es/Bilal-M-Ayyub/dp/1584882867/ref=sr_1_94?dib=eyJ2IjoiMSJ9.AU-PgrrGjfSTPh7nGBxNaBZYpehAsqlov_MaCkMHQ-4XwlqvN2Nt5MzueKbsLKnX1FYUt-mbezPEOZA42bIn9UsNnYu5gtPsW09dEm6rRP-WIlYHC7lY0VZFra1cdqb14MxHoFI8uYo7kJVFHVOKShCsoO15tQO9zaJCfARBZbxLyQYnR2TEWc3k64mTpU-ur5-8UOwhztRAMf4UJvoSpjXLjWzlaxgshPovZpgAS5E.O4oTcQeuLEZCUENsBfREbV5vlX23G_aXpbQbTR8SkIE&dib_tag=se&keywords=Industrial+y+cient%C3%ADfico&qid=1725878097&sr=8-94,"Probability, Statistics, and Reliability for Engineers and Scientists, Second Edition",1584882867,,Sin información,|,4.1,15,https://m.media-amazon.com/images/I/31KRokj8tfL._AC_UY218_.jpg,
https://www.amazon.com/-/es/ZHTRKLJK-laboratorio-cient%C3%ADfico-veterinario-Halloween/dp/B0D3TX8161/ref=sr_1_95?dib=eyJ2IjoiMSJ9.AU-PgrrGjfSTPh7nGBxNaBZYpehAsqlov_MaCkMHQ-4XwlqvN2Nt5MzueKbsLKnX1FYUt-mbezPEOZA42bIn9UsNnYu5gtPsW09dEm6rRP-WIlYHC7lY0VZFra1cdqb14MxHoFI8uYo7kJVFHVOKShCsoO15tQO9zaJCfARBZbxLyQYnR2TEWc3k64mTpU-ur5-8UOwhztRAMf4UJvoSpjXLjWzlaxgshPovZpgAS5E.O4oTcQeuLEZCUENsBfREbV5vlX23G_aXpbQbTR8SkIE&dib_tag=se&keywords=Industrial+y+cient%C3%ADfico&qid=1725878097&sr=8-95,"Abrigo de laboratorio blanco para niños, disfraz de médico científico para niños y niñas, veterinario dental, día de la carrera, Halloween, disfraz de Navidad",B0D3TX8161,12.79,Sin información,Sin información,5.0,1,https://m.media-amazon.com/images/I/41RDlxlZmOL._AC_UY218_.jpg,
https://www.amazon.com/-/es/Tom-Mumbray/dp/147496902X/ref=sr_1_97?dib=eyJ2IjoiMSJ9.QqJdqoVv_MCOJclV37riq0dtNkeBSnC5ZoVKYuJIPpX9s1iTvfBymfNz-RTNTpEh0iEWXZivdnvZpWfitKmgrhPIfxDGOgDxB380OdeSwol9mZKJp3M9Y1DKavLjMWrE6zIlmTziv0_NhaHoqGzRMaezU-P5xG3rlcRtdJACLc2WBeG-H4qrT36aP-VvSQVoFQ62cOfNjMl9zeAYKC2JpP1-YE4_b-b4VDlXyyQHPd4.0ZbGBhCjk7hNGziV09f5lLwQoSHdf-s5_2Cs8iSrlDs&dib_tag=se&keywords=Industrial+y+cient%C3%ADfico&qid=1725878107&sr=8-97,What Do Scientists Do?,147496902X,20.2,Sin información,|,5.0,2,https://m.media-amazon.com/images/I/812r1Ppzk7L._AC_UY218_.jpg,
https://www.amazon.com/-/es/Por-Matthew-McElligott-Scientist-Academy/dp/0553523740/ref=sr_1_98?dib=eyJ2IjoiMSJ9.QqJdqoVv_MCOJclV37riq0dtNkeBSnC5ZoVKYuJIPpX9s1iTvfBymfNz-RTNTpEh0iEWXZivdnvZpWfitKmgrhPIfxDGOgDxB380OdeSwol9mZKJp3M9Y1DKavLjMWrE6zIlmTziv0_NhaHoqGzRMaezU-P5xG3rlcRtdJACLc2WBeG-H4qrT36aP-VvSQVoFQ62cOfNjMl9zeAYKC2JpP1-YE4_b-b4VDlXyyQHPd4.0ZbGBhCjk7hNGziV09f5lLwQoSHdf-s5_2Cs8iSrlDs&dib_tag=se&keywords=Industrial+y+cient%C3%ADfico&qid=1725878107&sr=8-98,Por Matthew McElligott – Mad Scientist Academy: El dinosaurio desastre (2015 – 07 – 22) [Tapa dura],0553523740,17.09,Sin información,|,4.5,80,https://m.media-amazon.com/images/I/71OR+Hf6d2L._AC_UY218_.jpg,
https://www.amazon.com/-/es/Jeremy-Elser-ebook/dp/B094N2GDNY/ref=sr_1_99?dib=eyJ2IjoiMSJ9.QqJdqoVv_MCOJclV37riq0dtNkeBSnC5ZoVKYuJIPpX9s1iTvfBymfNz-RTNTpEh0iEWXZivdnvZpWfitKmgrhPIfxDGOgDxB380OdeSwol9mZKJp3M9Y1DKavLjMWrE6zIlmTziv0_NhaHoqGzRMaezU-P5xG3rlcRtdJACLc2WBeG-H4qrT36aP-VvSQVoFQ62cOfNjMl9zeAYKC2JpP1-YE4_b-b4VDlXyyQHPd4.0ZbGBhCjk7hNGziV09f5lLwQoSHdf-s5_2Cs8iSrlDs&dib_tag=se&keywords=Industrial+y+cient%C3%ADfico&qid=1725878107&sr=8-99,How to Talk to Data Scientists: A Guide for Executives (ISSN),B094N2GDNY,17.99,Sin información,|,5.0,2,https://m.media-amazon.com/images/I/71TrpfodcvL._AC_UY218_.jpg,
https://www.amazon.com/-/es/Vaclav-Smil-ebook/dp/B09CDB69WT/ref=sr_1_100?dib=eyJ2IjoiMSJ9.QqJdqoVv_MCOJclV37riq0dtNkeBSnC5ZoVKYuJIPpX9s1iTvfBymfNz-RTNTpEh0iEWXZivdnvZpWfitKmgrhPIfxDGOgDxB380OdeSwol9mZKJp3M9Y1DKavLjMWrE6zIlmTziv0_NhaHoqGzRMaezU-P5xG3rlcRtdJACLc2WBeG-H4qrT36aP-VvSQVoFQ62cOfNjMl9zeAYKC2JpP1-YE4_b-b4VDlXyyQHPd4.0ZbGBhCjk7hNGziV09f5lLwQoSHdf-s5_2Cs8iSrlDs&dib_tag=se&keywords=Industrial+y+cient%C3%ADfico&qid=1725878107&sr=8-100,How the World Really Works: The Science Behind How We Got Here and Where We're Going,B09CDB69WT,16.99,Sin información,|,4.4,4323,https://m.media-amazon.com/images/I/71XknMSmiVL._AC_UY218_.jpg,
https://www.amazon.com/-/es/Lauren-Davidson/dp/1647398843/ref=sr_1_101?dib=eyJ2IjoiMSJ9.QqJdqoVv_MCOJclV37riq0dtNkeBSnC5ZoVKYuJIPpX9s1iTvfBymfNz-RTNTpEh0iEWXZivdnvZpWfitKmgrhPIfxDGOgDxB380OdeSwol9mZKJp3M9Y1DKavLjMWrE6zIlmTziv0_NhaHoqGzRMaezU-P5xG3rlcRtdJACLc2WBeG-H4qrT36aP-VvSQVoFQ62cOfNjMl9zeAYKC2JpP1-YE4_b-b4VDlXyyQHPd4.0ZbGBhCjk7hNGziV09f5lLwQoSHdf-s5_2Cs8iSrlDs&dib_tag=se&keywords=Industrial+y+cient%C3%ADfico&qid=1725878107&sr=8-101,Butterflies for Kids: A Junior Scientist's Guide to the Butterfly Life Cycle and Beautiful Species to Discover,1647398843,5.84,Sin información,|,4.8,408,https://m.media-amazon.com/images/I/815Y40xai4L._AC_UY218_.jpg,
https://www.amazon.com/-/es/Abrigo-laboratorio-cient%C3%ADfico-disfraz-carrera/dp/B0D1FX3528/ref=sr_1_102?dib=eyJ2IjoiMSJ9.QqJdqoVv_MCOJclV37riq0dtNkeBSnC5ZoVKYuJIPpX9s1iTvfBymfNz-RTNTpEh0iEWXZivdnvZpWfitKmgrhPIfxDGOgDxB380OdeSwol9mZKJp3M9Y1DKavLjMWrE6zIlmTziv0_NhaHoqGzRMaezU-P5xG3rlcRtdJACLc2WBeG-H4qrT36aP-VvSQVoFQ62cOfNjMl9zeAYKC2JpP1-YE4_b-b4VDlXyyQHPd4.0ZbGBhCjk7hNGziV09f5lLwQoSHdf-s5_2Cs8iSrlDs&dib_tag=se&keywords=Industrial+y+cient%C3%ADfico&qid=1725878107&sr=8-102,"Abrigo de laboratorio unisex para niños, científico, juego de rol, disfraz de día de carrera, suave al tacto",B0D1FX3528,12.59,Sin información,Sin información,2.0,1,https://m.media-amazon.com/images/I/51aSumkDRZL._AC_UY218_.jpg,
https://www.amazon.com/-/es/Stephen-Barton/dp/1782624724/ref=sr_1_103?dib=eyJ2IjoiMSJ9.QqJdqoVv_MCOJclV37riq0dtNkeBSnC5ZoVKYuJIPpX9s1iTvfBymfNz-RTNTpEh0iEWXZivdnvZpWfitKmgrhPIfxDGOgDxB380OdeSwol9mZKJp3M9Y1DKavLjMWrE6zIlmTziv0_NhaHoqGzRMaezU-P5xG3rlcRtdJACLc2WBeG-H4qrT36aP-VvSQVoFQ62cOfNjMl9zeAYKC2JpP1-YE4_b-b4VDlXyyQHPd4.0ZbGBhCjk7hNGziV09f5lLwQoSHdf-s5_2Cs8iSrlDs&dib_tag=se&keywords=Industrial+y+cient%C3%ADfico&qid=1725878107&sr=8-103,Discovering Cosmetic Science,1782624724,36.1,Sin información,|,4.8,155,https://m.media-amazon.com/images/I/81hsu8BckZL._AC_UY218_.jpg,
https://www.amazon.com/-/es/Alice-M-Sapienza/dp/0471226149/ref=sr_1_104?dib=eyJ2IjoiMSJ9.QqJdqoVv_MCOJclV37riq0dtNkeBSnC5ZoVKYuJIPpX9s1iTvfBymfNz-RTNTpEh0iEWXZivdnvZpWfitKmgrhPIfxDGOgDxB380OdeSwol9mZKJp3M9Y1DKavLjMWrE6zIlmTziv0_NhaHoqGzRMaezU-P5xG3rlcRtdJACLc2WBeG-H4qrT36aP-VvSQVoFQ62cOfNjMl9zeAYKC2JpP1-YE4_b-b4VDlXyyQHPd4.0ZbGBhCjk7hNGziV09f5lLwQoSHdf-s5_2Cs8iSrlDs&dib_tag=se&keywords=Industrial+y+cient%C3%ADfico&qid=1725878107&sr=8-104,Managing Scientists: Leadership Strategies in Scientific Research,0471226149,74.71,Sin información,|,4.4,11,https://m.media-amazon.com/images/I/71LKXexxMzL._AC_UY218_.jpg,
https://www.amazon.com/-/es/Medline-laboratorio-personal-botones-poli%C3%A9ster/dp/B000K6WFG6/ref=sr_1_105?dib=eyJ2IjoiMSJ9.QqJdqoVv_MCOJclV37riq0dtNkeBSnC5ZoVKYuJIPpX9s1iTvfBymfNz-RTNTpEh0iEWXZivdnvZpWfitKmgrhPIfxDGOgDxB380OdeSwol9mZKJp3M9Y1DKavLjMWrE6zIlmTziv0_NhaHoqGzRMaezU-P5xG3rlcRtdJACLc2WBeG-H4qrT36aP-VvSQVoFQ62cOfNjMl9zeAYKC2JpP1-YE4_b-b4VDlXyyQHPd4.0ZbGBhCjk7hNGziV09f5lLwQoSHdf-s5_2Cs8iSrlDs&dib_tag=se&keywords=Industrial+y+cient%C3%ADfico&qid=1725878107&sr=8-105,"Medline bata de laboratorio unisex de largo de personal, con botones, poliéster/algodón, color blanco, Talla 50, Blanco, 1",B000K6WFG6,25.99,Sin información,Sin información,3.2,13,https://m.media-amazon.com/images/I/51VcLnI99SL._AC_UY218_.jpg,
https://www.amazon.com/-/es/Mad-Scientist-Academy-Space-Disaster/dp/0553523856/ref=sr_1_106?dib=eyJ2IjoiMSJ9.QqJdqoVv_MCOJclV37riq0dtNkeBSnC5ZoVKYuJIPpX9s1iTvfBymfNz-RTNTpEh0iEWXZivdnvZpWfitKmgrhPIfxDGOgDxB380OdeSwol9mZKJp3M9Y1DKavLjMWrE6zIlmTziv0_NhaHoqGzRMaezU-P5xG3rlcRtdJACLc2WBeG-H4qrT36aP-VvSQVoFQ62cOfNjMl9zeAYKC2JpP1-YE4_b-b4VDlXyyQHPd4.0ZbGBhCjk7hNGziV09f5lLwQoSHdf-s5_2Cs8iSrlDs&dib_tag=se&keywords=Industrial+y+cient%C3%ADfico&qid=1725878107&sr=8-106,Mad Scientist Academy: The Space Disaster,0553523856,8.99,Sin información,|,4.5,38,https://m.media-amazon.com/images/I/81wy9w8apYL._AC_UY218_.jpg,
https://www.amazon.com/-/es/Robert-D-Pehlke-ebook/dp/B078T2TH5C/ref=sr_1_107?dib=eyJ2IjoiMSJ9.QqJdqoVv_MCOJclV37riq0dtNkeBSnC5ZoVKYuJIPpX9s1iTvfBymfNz-RTNTpEh0iEWXZivdnvZpWfitKmgrhPIfxDGOgDxB380OdeSwol9mZKJp3M9Y1DKavLjMWrE6zIlmTziv0_NhaHoqGzRMaezU-P5xG3rlcRtdJACLc2WBeG-H4qrT36aP-VvSQVoFQ62cOfNjMl9zeAYKC2JpP1-YE4_b-b4VDlXyyQHPd4.0ZbGBhCjk7hNGziV09f5lLwQoSHdf-s5_2Cs8iSrlDs&dib_tag=se&keywords=Industrial+y+cient%C3%ADfico&qid=1725878107&sr=8-107,"Adventures of a Materials Scientist: Academician, Consultant, Expert Witness with Emphasis on the Steel Industry",B078T2TH5C,4.99,Sin información,|,5.0,1,https://m.media-amazon.com/images/I/81SAav04cTL._AC_UY218_.jpg,
https://www.amazon.com/-/es/Cliff-Kuang/dp/1250758203/ref=sr_1_109?dib=eyJ2IjoiMSJ9.QqJdqoVv_MCOJclV37riq0dtNkeBSnC5ZoVKYuJIPpX9s1iTvfBymfNz-RTNTpEh0iEWXZivdnvZpWfitKmgrhPIfxDGOgDxB380OdeSwol9mZKJp3M9Y1DKavLjMWrE6zIlmTziv0_NhaHoqGzRMaezU-P5xG3rlcRtdJACLc2WBeG-H4qrT36aP-VvSQVoFQ62cOfNjMl9zeAYKC2JpP1-YE4_b-b4VDlXyyQHPd4.0ZbGBhCjk7hNGziV09f5lLwQoSHdf-s5_2Cs8iSrlDs&dib_tag=se&keywords=Industrial+y+cient%C3%ADfico&qid=1725878107&sr=8-109,"User Friendly- How the Hidden Rules of Design Are Changing the Way We Live, Work, and Play",1250758203,17.89,Sin información,|,4.5,758,https://m.media-amazon.com/images/I/71wkaNrIIgL._AC_UY218_.jpg,
https://www.amazon.com/Andrea-Beaty/dp/141973024X/ref=sr_1_110?dib=eyJ2IjoiMSJ9.QqJdqoVv_MCOJclV37riq0dtNkeBSnC5ZoVKYuJIPpX9s1iTvfBymfNz-RTNTpEh0iEWXZivdnvZpWfitKmgrhPIfxDGOgDxB380OdeSwol9mZKJp3M9Y1DKavLjMWrE6zIlmTziv0_NhaHoqGzRMaezU-P5xG3rlcRtdJACLc2WBeG-H4qrT36aP-VvSQVoFQ62cOfNjMl9zeAYKC2JpP1-YE4_b-b4VDlXyyQHPd4.0ZbGBhCjk7hNGziV09f5lLwQoSHdf-s5_2Cs8iSrlDs&dib_tag=se&keywords=Industrial+y+cient%C3%ADfico&qid=1725878107&sr=8-110,Ada Twist's Big Project Book for Stellar Scientists (The Questioneers),141973024X,8.79,Sin información,|,4.8,501,https://m.media-amazon.com/images/I/71E7s5TlNML._AC_UY218_.jpg,
https://www.amazon.com/-/es/Naomi-Oreskes/dp/1608193942/ref=sr_1_111?dib=eyJ2IjoiMSJ9.QqJdqoVv_MCOJclV37riq0dtNkeBSnC5ZoVKYuJIPpX9s1iTvfBymfNz-RTNTpEh0iEWXZivdnvZpWfitKmgrhPIfxDGOgDxB380OdeSwol9mZKJp3M9Y1DKavLjMWrE6zIlmTziv0_NhaHoqGzRMaezU-P5xG3rlcRtdJACLc2WBeG-H4qrT36aP-VvSQVoFQ62cOfNjMl9zeAYKC2JpP1-YE4_b-b4VDlXyyQHPd4.0ZbGBhCjk7hNGziV09f5lLwQoSHdf-s5_2Cs8iSrlDs&dib_tag=se&keywords=Industrial+y+cient%C3%ADfico&qid=1725878107&sr=8-111,Merchants of Doubt: How a Handful of Scientists Obscured the Truth on Issues from Tobacco Smoke to Climate Change,1608193942,12.89,Sin información,|,4.5,1868,https://m.media-amazon.com/images/I/71Y0uTegqGL._AC_UY218_.jpg,
https://www.amazon.com/-/es/David-Lipsky/dp/039386670X/ref=sr_1_112?dib=eyJ2IjoiMSJ9.QqJdqoVv_MCOJclV37riq0dtNkeBSnC5ZoVKYuJIPpX9s1iTvfBymfNz-RTNTpEh0iEWXZivdnvZpWfitKmgrhPIfxDGOgDxB380OdeSwol9mZKJp3M9Y1DKavLjMWrE6zIlmTziv0_NhaHoqGzRMaezU-P5xG3rlcRtdJACLc2WBeG-H4qrT36aP-VvSQVoFQ62cOfNjMl9zeAYKC2JpP1-YE4_b-b4VDlXyyQHPd4.0ZbGBhCjk7hNGziV09f5lLwQoSHdf-s5_2Cs8iSrlDs&dib_tag=se&keywords=Industrial+y+cient%C3%ADfico&qid=1725878107&sr=8-112,The Parrot and the Igloo: Climate and the Science of Denial,039386670X,16.32,Sin información,|,4.4,212,https://m.media-amazon.com/images/I/61LTHdxWMLL._AC_UY218_.jpg,
https://www.amazon.com/-/es/Alice-M-Sapienza/dp/0471226149/ref=sr_1_113?dib=eyJ2IjoiMSJ9.yeMMwfBE24uClVj2m-cUJyg3b2SYYHEBwETADaQFWpXIknZHj_mnrE_b0vzDl82KXZd873rVApnhzg4JqylrNMSFLSyDGRLqGzfmno84NNFAqqkHxRLx1aq6g0zAol51gQ4EKu9Ju1Gr3UH5QKyTku5Uo2DWdVEm5-dTib_snapKsuI242RzbJ5LYZUEx__0fX964Np1lhPQdrDc3Q3KgPo2c6k3fCTw8bQTZ5YdZHE.9gOaK21cKgFriB_nzht4ew6D64Ial0z67VhvEcL9P4A&dib_tag=se&keywords=Industrial+y+cient%C3%ADfico&qid=1725878117&sr=8-113,Managing Scientists: Leadership Strategies in Scientific Research,0471226149,74.71,Sin información,|,4.4,11,https://m.media-amazon.com/images/I/71LKXexxMzL._AC_UY218_.jpg,
https://www.amazon.com/-/es/David-Lipsky/dp/039386670X/ref=sr_1_114?dib=eyJ2IjoiMSJ9.yeMMwfBE24uClVj2m-cUJyg3b2SYYHEBwETADaQFWpXIknZHj_mnrE_b0vzDl82KXZd873rVApnhzg4JqylrNMSFLSyDGRLqGzfmno84NNFAqqkHxRLx1aq6g0zAol51gQ4EKu9Ju1Gr3UH5QKyTku5Uo2DWdVEm5-dTib_snapKsuI242RzbJ5LYZUEx__0fX964Np1lhPQdrDc3Q3KgPo2c6k3fCTw8bQTZ5YdZHE.9gOaK21cKgFriB_nzht4ew6D64Ial0z67VhvEcL9P4A&dib_tag=se&keywords=Industrial+y+cient%C3%ADfico&qid=1725878117&sr=8-114,The Parrot and the Igloo: Climate and the Science of Denial,039386670X,16.32,Sin información,|,4.4,212,https://m.media-amazon.com/images/I/61LTHdxWMLL._AC_UY218_.jpg,
https://www.amazon.com/-/es/Luke-Timmerman-ebook/dp/B01JWTBK30/ref=sr_1_116?dib=eyJ2IjoiMSJ9.yeMMwfBE24uClVj2m-cUJyg3b2SYYHEBwETADaQFWpXIknZHj_mnrE_b0vzDl82KXZd873rVApnhzg4JqylrNMSFLSyDGRLqGzfmno84NNFAqqkHxRLx1aq6g0zAol51gQ4EKu9Ju1Gr3UH5QKyTku5Uo2DWdVEm5-dTib_snapKsuI242RzbJ5LYZUEx__0fX964Np1lhPQdrDc3Q3KgPo2c6k3fCTw8bQTZ5YdZHE.9gOaK21cKgFriB_nzht4ew6D64Ial0z67VhvEcL9P4A&dib_tag=se&keywords=Industrial+y+cient%C3%ADfico&qid=1725878117&sr=8-116,Hood: Trailblazer of the Genomics Age,B01JWTBK30,8.99,Sin información,|,4.4,131,https://m.media-amazon.com/images/I/A189bXaqCVL._AC_UY218_.jpg,
https://www.amazon.com/-/es/dp/B0BQX2Q2GB/ref=sr_1_117?dib=eyJ2IjoiMSJ9.yeMMwfBE24uClVj2m-cUJyg3b2SYYHEBwETADaQFWpXIknZHj_mnrE_b0vzDl82KXZd873rVApnhzg4JqylrNMSFLSyDGRLqGzfmno84NNFAqqkHxRLx1aq6g0zAol51gQ4EKu9Ju1Gr3UH5QKyTku5Uo2DWdVEm5-dTib_snapKsuI242RzbJ5LYZUEx__0fX964Np1lhPQdrDc3Q3KgPo2c6k3fCTw8bQTZ5YdZHE.9gOaK21cKgFriB_nzht4ew6D64Ial0z67VhvEcL9P4A&dib_tag=se&keywords=Industrial+y+cient%C3%ADfico&qid=1725878117&sr=8-117,The Psychopath Test: A Journey Through the Madness Industry,B0BQX2Q2GB,0.0,Sin información,PVPR:,4.3,11462,https://m.media-amazon.com/images/I/81NSFQaxtkL._AC_UY218_.jpg,
https://www.amazon.com/-/es/Robert-D-Pehlke-ebook/dp/B078T2TH5C/ref=sr_1_119?dib=eyJ2IjoiMSJ9.yeMMwfBE24uClVj2m-cUJyg3b2SYYHEBwETADaQFWpXIknZHj_mnrE_b0vzDl82KXZd873rVApnhzg4JqylrNMSFLSyDGRLqGzfmno84NNFAqqkHxRLx1aq6g0zAol51gQ4EKu9Ju1Gr3UH5QKyTku5Uo2DWdVEm5-dTib_snapKsuI242RzbJ5LYZUEx__0fX964Np1lhPQdrDc3Q3KgPo2c6k3fCTw8bQTZ5YdZHE.9gOaK21cKgFriB_nzht4ew6D64Ial0z67VhvEcL9P4A&dib_tag=se&keywords=Industrial+y+cient%C3%ADfico&qid=1725878117&sr=8-119,"Adventures of a Materials Scientist: Academician, Consultant, Expert Witness with Emphasis on the Steel Industry",B078T2TH5C,4.99,Sin información,|,5.0,1,https://m.media-amazon.com/images/I/81SAav04cTL._AC_UY218_.jpg,
https://www.amazon.com/-/es/Salvatore-Tocci/dp/0531117049/ref=sr_1_120?dib=eyJ2IjoiMSJ9.yeMMwfBE24uClVj2m-cUJyg3b2SYYHEBwETADaQFWpXIknZHj_mnrE_b0vzDl82KXZd873rVApnhzg4JqylrNMSFLSyDGRLqGzfmno84NNFAqqkHxRLx1aq6g0zAol51gQ4EKu9Ju1Gr3UH5QKyTku5Uo2DWdVEm5-dTib_snapKsuI242RzbJ5LYZUEx__0fX964Np1lhPQdrDc3Q3KgPo2c6k3fCTw8bQTZ5YdZHE.9gOaK21cKgFriB_nzht4ew6D64Ial0z67VhvEcL9P4A&dib_tag=se&keywords=Industrial+y+cient%C3%ADfico&qid=1725878117&sr=8-120,Plant Projects for Young Scientists (Botany),0531117049,,Sin información,|,4.0,1,https://m.media-amazon.com/images/I/511MQRTZ2QL._AC_UY218_.jpg,
https://www.amazon.com/-/es/New-Scientist-ebook/dp/B08G17BPL4/ref=sr_1_121?dib=eyJ2IjoiMSJ9.yeMMwfBE24uClVj2m-cUJyg3b2SYYHEBwETADaQFWpXIknZHj_mnrE_b0vzDl82KXZd873rVApnhzg4JqylrNMSFLSyDGRLqGzfmno84NNFAqqkHxRLx1aq6g0zAol51gQ4EKu9Ju1Gr3UH5QKyTku5Uo2DWdVEm5-dTib_snapKsuI242RzbJ5LYZUEx__0fX964Np1lhPQdrDc3Q3KgPo2c6k3fCTw8bQTZ5YdZHE.9gOaK21cKgFriB_nzht4ew6D64Ial0z67VhvEcL9P4A&dib_tag=se&keywords=Industrial+y+cient%C3%ADfico&qid=1725878117&sr=8-121,"The End of Money: The story of bitcoin, cryptocurrencies and the blockchain revolution",B08G17BPL4,3.99,Sin información,|,4.3,137,https://m.media-amazon.com/images/I/81UydvDjGTL._AC_UY218_.jpg,
https://www.amazon.com/-/es/Temple-Grandin-PhD/dp/0593115562/ref=sr_1_122?dib=eyJ2IjoiMSJ9.yeMMwfBE24uClVj2m-cUJyg3b2SYYHEBwETADaQFWpXIknZHj_mnrE_b0vzDl82KXZd873rVApnhzg4JqylrNMSFLSyDGRLqGzfmno84NNFAqqkHxRLx1aq6g0zAol51gQ4EKu9Ju1Gr3UH5QKyTku5Uo2DWdVEm5-dTib_snapKsuI242RzbJ5LYZUEx__0fX964Np1lhPQdrDc3Q3KgPo2c6k3fCTw8bQTZ5YdZHE.9gOaK21cKgFriB_nzht4ew6D64Ial0z67VhvEcL9P4A&dib_tag=se&keywords=Industrial+y+cient%C3%ADfico&qid=1725878117&sr=8-122,The Outdoor Scientist: The Wonder of Observing the Natural World,0593115562,9.72,Sin información,|,4.6,257,https://m.media-amazon.com/images/I/81q952kLnQL._AC_UY218_.jpg,
https://www.amazon.com/-/es/Vaclav-Smil-ebook/dp/B0BQ1VR3CC/ref=sr_1_123?dib=eyJ2IjoiMSJ9.yeMMwfBE24uClVj2m-cUJyg3b2SYYHEBwETADaQFWpXIknZHj_mnrE_b0vzDl82KXZd873rVApnhzg4JqylrNMSFLSyDGRLqGzfmno84NNFAqqkHxRLx1aq6g0zAol51gQ4EKu9Ju1Gr3UH5QKyTku5Uo2DWdVEm5-dTib_snapKsuI242RzbJ5LYZUEx__0fX964Np1lhPQdrDc3Q3KgPo2c6k3fCTw8bQTZ5YdZHE.9gOaK21cKgFriB_nzht4ew6D64Ial0z67VhvEcL9P4A&dib_tag=se&keywords=Industrial+y+cient%C3%ADfico&qid=1725878117&sr=8-123,"Cómo funciona el mundo: Una guía científica de nuestro pasado, presente y futuro (Spanish Edition)",B0BQ1VR3CC,7.99,Sin información,Edición en Español,4.5,97,https://m.media-amazon.com/images/I/71Wnn6OpOkL._AC_UY218_.jpg,
https://www.amazon.com/-/es/Carl-J-Sindermann/dp/0306456370/ref=sr_1_124?dib=eyJ2IjoiMSJ9.yeMMwfBE24uClVj2m-cUJyg3b2SYYHEBwETADaQFWpXIknZHj_mnrE_b0vzDl82KXZd873rVApnhzg4JqylrNMSFLSyDGRLqGzfmno84NNFAqqkHxRLx1aq6g0zAol51gQ4EKu9Ju1Gr3UH5QKyTku5Uo2DWdVEm5-dTib_snapKsuI242RzbJ5LYZUEx__0fX964Np1lhPQdrDc3Q3KgPo2c6k3fCTw8bQTZ5YdZHE.9gOaK21cKgFriB_nzht4ew6D64Ial0z67VhvEcL9P4A&dib_tag=se&keywords=Industrial+y+cient%C3%ADfico&qid=1725878117&sr=8-124,The Scientist as Consultant: Building New Career Opportunities,0306456370,54.99,Sin información,|,3.6,5,https://m.media-amazon.com/images/I/51Q7u5uiKXL._AC_UY218_.jpg,
https://www.amazon.com/-/es/Anna-Claybourne/dp/0486839230/ref=sr_1_125?dib=eyJ2IjoiMSJ9.yeMMwfBE24uClVj2m-cUJyg3b2SYYHEBwETADaQFWpXIknZHj_mnrE_b0vzDl82KXZd873rVApnhzg4JqylrNMSFLSyDGRLqGzfmno84NNFAqqkHxRLx1aq6g0zAol51gQ4EKu9Ju1Gr3UH5QKyTku5Uo2DWdVEm5-dTib_snapKsuI242RzbJ5LYZUEx__0fX964Np1lhPQdrDc3Q3KgPo2c6k3fCTw8bQTZ5YdZHE.9gOaK21cKgFriB_nzht4ew6D64Ial0z67VhvEcL9P4A&dib_tag=se&keywords=Industrial+y+cient%C3%ADfico&qid=1725878117&sr=8-125,I Can Be a Rocket Scientist: Fun STEM Activities for Kids (Dover Science For Kids),0486839230,9.99,Sin información,|,4.6,102,https://m.media-amazon.com/images/I/81RjOEI4GIL._AC_UY218_.jpg,
https://www.amazon.com/-/es/Hong-Wai-Onn-ebook/dp/B08CGVT4W5/ref=sr_1_126?dib=eyJ2IjoiMSJ9.yeMMwfBE24uClVj2m-cUJyg3b2SYYHEBwETADaQFWpXIknZHj_mnrE_b0vzDl82KXZd873rVApnhzg4JqylrNMSFLSyDGRLqGzfmno84NNFAqqkHxRLx1aq6g0zAol51gQ4EKu9Ju1Gr3UH5QKyTku5Uo2DWdVEm5-dTib_snapKsuI242RzbJ5LYZUEx__0fX964Np1lhPQdrDc3Q3KgPo2c6k3fCTw8bQTZ5YdZHE.9gOaK21cKgFriB_nzht4ew6D64Ial0z67VhvEcL9P4A&dib_tag=se&keywords=Industrial+y+cient%C3%ADfico&qid=1725878117&sr=8-126,A Chemical Engineer in the Palm Oil Milling Industry,B08CGVT4W5,5.99,Sin información,|,4.7,16,https://m.media-amazon.com/images/I/61PJRQnEKvL._AC_UY218_.jpg,
https://www.amazon.com/-/es/dp/B07RZ2WXVQ/ref=sr_1_127?dib=eyJ2IjoiMSJ9.yeMMwfBE24uClVj2m-cUJyg3b2SYYHEBwETADaQFWpXIknZHj_mnrE_b0vzDl82KXZd873rVApnhzg4JqylrNMSFLSyDGRLqGzfmno84NNFAqqkHxRLx1aq6g0zAol51gQ4EKu9Ju1Gr3UH5QKyTku5Uo2DWdVEm5-dTib_snapKsuI242RzbJ5LYZUEx__0fX964Np1lhPQdrDc3Q3KgPo2c6k3fCTw8bQTZ5YdZHE.9gOaK21cKgFriB_nzht4ew6D64Ial0z67VhvEcL9P4A&dib_tag=se&keywords=Industrial+y+cient%C3%ADfico&qid=1725878117&sr=8-127,The Bastard Brigade: The True Story of the Renegade Scientists and Spies Who Sabotaged the Nazi Atomic Bomb,B07RZ2WXVQ,0.0,Sin información,PVPR:,4.6,969,https://m.media-amazon.com/images/I/81xUY4Qe7oL._AC_UY218_.jpg,
